TrendID,CarID,Date,AverageSalePrice,MarketDemand
1,1348,2018-03-25,20668.0,48
2,821,2023-12-17,15601.0,63
3,514,2022-07-15,22046.0,58
4,732,2019-12-03,35453.0,44
5,95,2023-06-08,19300.0,30
6,1258,2022-03-01,27081.0,25
7,1760,2019-01-17,10231.0,97
8,818,2017-01-08,25426.0,22
9,527,2020-06-19,28610.0,17
10,1641,2023-05-13,25038.0,52
11,1401,2019-10-12,10896.0,98
12,1868,2023-11-13,28996.0,13
13,1452,2021-01-10,10160.0,52
14,43,2023-06-08,28691.0,65
15,225,2021-01-18,35899.0,67
16,1064,2018-11-10,14374.0,99
17,907,2022-07-08,34262.0,61
18,1292,2017-03-02,24782.0,68
19,1038,2020-11-14,38595.0,31
20,1940,2016-03-27,10783.0,32
21,1395,2022-08-25,28997.0,27
22,1300,2017-12-04,25247.0,97
23,1892,2020-05-29,10279.0,74
24,695,2022-02-19,19261.0,100
25,231,2017-12-25,25121.0,31
26,1700,2021-11-10,39494.0,69
27,311,2020-05-10,35982.0,98
28,1944,2022-08-30,27927.0,83
29,1365,2021-12-01,38508.0,91
30,1706,2020-05-10,34982.0,27
31,279,2021-07-15,14571.0,14
32,207,2016-07-01,36203.0,46
33,1855,2017-02-14,28523.0,84
34,24,2016-08-20,14389.0,68
35,181,2021-03-20,11097.0,66
36,1345,2023-04-02,18551.0,24
37,1671,2016-05-18,38239.0,52
38,527,2021-03-02,16148.0,32
39,1330,2023-04-21,21881.0,89
40,1730,2017-12-21,13455.0,11
41,399,2019-11-25,10577.0,68
42,1214,2023-06-05,35934.0,10
43,785,2017-04-27,34255.0,98
44,1885,2018-06-21,17986.0,99
45,397,2020-08-21,30668.0,84
46,281,2022-12-27,22825.0,77
47,1227,2021-09-26,14302.0,51
48,1743,2021-09-08,20514.0,26
49,643,2017-03-22,23435.0,75
50,1789,2018-05-12,29540.0,77
51,1251,2021-05-11,22400.0,73
52,873,2017-10-30,39811.0,69
53,1503,2019-11-26,38035.0,87
54,876,2018-12-15,13670.0,33
55,1341,2022-04-02,39321.0,89
56,1859,2022-10-13,24369.0,64
57,1633,2019-05-31,33567.0,60
58,97,2022-12-20,25109.0,31
59,1009,2017-10-20,38331.0,24
60,1146,2017-08-29,20208.0,35
61,529,2017-12-20,20723.0,43
62,1415,2017-07-28,24401.0,58
63,226,2023-10-21,34817.0,19
64,66,2020-09-24,35445.0,14
65,289,2022-04-16,12031.0,23
66,238,2021-11-14,25611.0,19
67,1194,2020-07-28,38243.0,77
68,1370,2020-06-30,20090.0,79
69,1181,2017-11-05,13328.0,38
70,662,2022-05-16,12710.0,27
71,1192,2016-10-09,39762.0,14
72,583,2017-07-17,34885.0,84
73,393,2017-11-03,21077.0,77
74,1525,2022-02-28,37721.0,16
75,1022,2020-01-20,28788.0,33
76,345,2020-07-31,36339.0,46
77,1253,2023-09-01,18301.0,27
78,1264,2016-11-29,22614.0,43
79,1041,2020-12-30,33874.0,17
80,43,2016-07-07,20025.0,58
81,1403,2021-01-16,14319.0,55
82,1278,2020-07-24,14336.0,89
83,1622,2017-01-08,33368.0,75
84,967,2016-04-18,14548.0,83
85,265,2021-06-11,37641.0,60
86,1045,2021-05-27,36269.0,23
87,1304,2021-06-18,16821.0,13
88,1770,2017-08-31,14008.0,55
89,378,2018-07-17,36007.0,65
90,47,2019-01-01,16745.0,89
91,394,2019-01-13,22737.0,82
92,349,2019-03-07,27847.0,84
93,1338,2018-03-11,25897.0,88
94,856,2022-12-13,39338.0,91
95,693,2022-06-20,17442.0,58
96,1866,2016-11-29,26322.0,89
97,328,2017-01-07,36973.0,34
98,1867,2017-12-21,33770.0,40
99,457,2018-04-29,20017.0,85
100,1212,2023-06-29,28902.0,33
101,1466,2016-03-29,30277.0,12
102,875,2016-06-05,13424.0,86
103,1423,2016-06-20,31652.0,98
104,598,2023-06-24,14722.0,75
105,1383,2019-05-09,23585.0,23
106,1306,2017-08-10,26413.0,76
107,1871,2023-12-02,15907.0,53
108,962,2022-12-26,11474.0,35
109,1190,2018-10-30,26789.0,22
110,66,2023-03-04,22991.0,67
111,1142,2020-06-26,20515.0,78
112,306,2017-08-22,31674.0,58
113,478,2022-06-06,32677.0,21
114,1603,2021-10-04,20310.0,40
115,923,2021-11-17,19456.0,30
116,942,2018-09-03,28533.0,34
117,562,2023-10-11,24697.0,38
118,495,2019-08-19,16025.0,66
119,1893,2021-12-05,35228.0,45
120,757,2023-04-18,36520.0,13
121,1305,2016-04-29,10239.0,31
122,841,2018-03-10,18263.0,34
123,941,2021-07-29,14513.0,35
124,1632,2016-09-14,21820.0,48
125,365,2023-10-21,20122.0,30
126,1774,2020-08-21,17659.0,15
127,1910,2021-01-19,20049.0,37
128,63,2017-05-14,11362.0,16
129,344,2017-09-23,11183.0,96
130,1145,2021-08-20,22052.0,98
131,701,2016-04-01,13046.0,32
132,1843,2017-04-24,16491.0,45
133,1751,2023-08-07,30547.0,47
134,552,2023-12-25,16466.0,97
135,1653,2021-05-21,15357.0,85
136,788,2022-06-01,18905.0,79
137,83,2018-10-05,14068.0,49
138,1837,2023-03-27,28109.0,72
139,1067,2022-04-12,29669.0,49
140,1348,2020-12-26,15075.0,92
141,1190,2016-04-21,29492.0,76
142,1054,2020-05-14,27210.0,34
143,259,2023-05-29,39578.0,13
144,563,2019-07-27,34372.0,81
145,528,2021-11-04,31285.0,14
146,269,2017-10-29,30485.0,24
147,1398,2018-08-02,31667.0,32
148,1082,2022-02-14,19072.0,22
149,1461,2017-04-23,30092.0,36
150,953,2021-07-07,30588.0,77
151,448,2019-12-16,30880.0,74
152,1783,2016-03-10,11584.0,36
153,1130,2016-07-12,36019.0,93
154,445,2020-03-05,34553.0,39
155,1902,2021-02-08,27993.0,51
156,1367,2023-08-29,13843.0,63
157,1006,2023-07-15,27142.0,31
158,1163,2017-03-25,29528.0,76
159,1044,2018-10-23,28456.0,45
160,1579,2018-12-24,26482.0,59
161,1049,2018-12-15,39535.0,25
162,1809,2020-03-12,34756.0,93
163,572,2019-12-29,30019.0,93
164,1851,2020-05-19,21672.0,13
165,768,2021-12-01,28644.0,78
166,560,2016-12-23,10653.0,66
167,570,2021-05-01,17829.0,11
168,667,2021-08-30,26452.0,30
169,1397,2022-04-04,37550.0,70
170,1974,2020-06-21,12208.0,27
171,400,2016-11-03,22156.0,40
172,595,2016-09-08,15342.0,76
173,192,2019-10-15,32193.0,47
174,421,2022-06-17,31608.0,57
175,1052,2016-09-13,33070.0,36
176,1,2023-05-19,27815.0,85
177,918,2022-05-25,28929.0,48
178,409,2018-05-17,28633.0,57
179,1131,2018-08-04,15424.0,57
180,405,2021-09-15,39495.0,63
181,1913,2020-05-16,21410.0,43
182,326,2019-01-01,35955.0,97
183,1586,2019-03-12,38275.0,45
184,1664,2019-10-19,37223.0,31
185,1316,2022-04-27,12774.0,21
186,981,2023-10-13,36403.0,71
187,1421,2016-10-26,23598.0,74
188,1100,2021-07-24,30885.0,20
189,279,2017-11-26,13371.0,34
190,1800,2018-02-11,23474.0,41
191,1583,2019-01-22,22475.0,24
192,1426,2023-09-07,23478.0,16
193,249,2019-09-15,31300.0,18
194,422,2022-05-22,24948.0,97
195,389,2021-08-04,33099.0,94
196,1978,2017-06-21,16579.0,82
197,758,2018-10-03,24640.0,16
198,160,2019-01-12,27381.0,36
199,688,2022-10-10,14727.0,13
200,1705,2020-04-21,21766.0,58
201,1415,2023-10-09,35644.0,56
202,1165,2022-04-28,23159.0,96
203,131,2020-11-08,27928.0,71
204,1945,2018-07-21,26134.0,99
205,438,2017-10-31,34129.0,87
206,1750,2023-06-20,29335.0,73
207,1549,2016-10-11,12850.0,73
208,1660,2021-01-02,11738.0,63
209,1497,2020-11-05,39649.0,91
210,1806,2021-08-12,16372.0,44
211,1184,2019-09-03,33136.0,86
212,1724,2020-12-30,10832.0,47
213,758,2018-11-06,12713.0,59
214,942,2016-12-25,29634.0,59
215,30,2016-04-09,34816.0,46
216,387,2020-09-23,22623.0,81
217,1367,2019-03-31,22581.0,23
218,1811,2020-01-18,20567.0,86
219,982,2019-09-24,13238.0,87
220,776,2017-11-22,16861.0,23
221,812,2022-08-02,37588.0,83
222,532,2017-08-24,19467.0,52
223,1033,2018-07-07,15902.0,29
224,432,2019-11-21,10133.0,47
225,589,2018-05-03,20413.0,95
226,437,2019-04-25,27322.0,64
227,583,2022-06-06,30878.0,92
228,74,2017-10-19,39836.0,64
229,1085,2020-12-13,39559.0,70
230,1008,2017-10-17,29446.0,17
231,6,2018-05-21,17154.0,33
232,1656,2018-02-03,19562.0,94
233,957,2022-07-18,26404.0,79
234,722,2020-01-18,19735.0,96
235,1086,2020-03-14,11042.0,65
236,1628,2019-11-15,35724.0,38
237,951,2019-07-23,16331.0,81
238,127,2020-02-06,35697.0,20
239,67,2018-02-13,17558.0,13
240,1504,2017-12-04,35111.0,48
241,763,2018-06-26,39724.0,98
242,921,2017-10-21,22537.0,33
243,1457,2019-06-15,26231.0,60
244,948,2020-05-08,22923.0,21
245,264,2018-08-17,25696.0,91
246,1118,2017-09-28,39937.0,90
247,417,2020-12-09,32939.0,95
248,1416,2023-05-21,14723.0,88
249,177,2019-05-09,11548.0,36
250,1044,2018-03-16,37690.0,28
251,1158,2018-05-21,14937.0,63
252,1591,2020-06-18,29600.0,11
253,8,2021-02-11,34520.0,67
254,1122,2021-03-04,16793.0,82
255,440,2023-03-10,36810.0,41
256,1568,2017-08-25,34762.0,34
257,146,2019-12-15,29796.0,44
258,142,2019-03-11,36475.0,21
259,921,2023-01-14,39799.0,29
260,1538,2023-01-31,35954.0,99
261,1951,2020-08-08,36431.0,53
262,1384,2016-07-06,11201.0,36
263,145,2023-11-20,35903.0,81
264,536,2020-11-27,17397.0,23
265,772,2021-12-03,32571.0,38
266,661,2022-01-07,18669.0,23
267,1563,2024-01-07,23166.0,36
268,1099,2022-12-27,39102.0,69
269,1090,2018-04-04,18764.0,24
270,1942,2018-09-30,34906.0,69
271,105,2019-09-28,18229.0,41
272,1567,2020-07-18,23292.0,76
273,352,2019-11-23,38187.0,46
274,1750,2017-04-25,30406.0,65
275,1820,2016-10-22,20368.0,88
276,1857,2016-05-15,38202.0,49
277,177,2019-08-21,31516.0,66
278,806,2022-01-30,10774.0,11
279,1914,2017-03-11,27714.0,34
280,1092,2023-12-29,19872.0,32
281,1927,2019-07-01,39178.0,27
282,705,2021-03-09,35665.0,42
283,1865,2016-08-21,27183.0,30
284,385,2022-05-30,30976.0,29
285,142,2023-04-22,24204.0,35
286,1071,2023-03-15,10722.0,92
287,607,2023-07-29,35242.0,100
288,1924,2018-06-17,10124.0,98
289,1566,2023-08-09,10683.0,84
290,66,2020-09-23,12852.0,74
291,1411,2017-03-28,28461.0,64
292,1016,2016-08-26,38446.0,38
293,332,2018-04-09,26896.0,100
294,1110,2016-03-04,11754.0,44
295,1807,2020-11-13,14322.0,50
296,1405,2016-09-18,18448.0,54
297,961,2018-04-13,25908.0,92
298,1025,2021-03-09,13684.0,30
299,1772,2019-03-30,32156.0,49
300,1291,2019-11-02,36064.0,95
301,414,2016-07-19,34415.0,29
302,29,2023-09-19,20019.0,15
303,944,2019-07-21,26981.0,30
304,474,2022-08-29,37141.0,15
305,961,2022-03-22,17055.0,57
306,899,2023-04-02,23908.0,25
307,299,2016-04-28,39391.0,88
308,663,2018-08-17,12365.0,61
309,423,2019-05-17,37981.0,16
310,1244,2018-11-20,32335.0,38
311,854,2022-11-10,12606.0,30
312,403,2018-09-27,12805.0,16
313,741,2016-03-27,14249.0,39
314,1833,2019-09-07,10165.0,67
315,981,2016-07-12,33112.0,49
316,1274,2017-04-14,28260.0,36
317,974,2023-05-17,21989.0,63
318,329,2021-04-24,27952.0,22
319,1570,2022-08-06,33877.0,19
320,810,2021-11-27,14080.0,39
321,337,2023-09-20,22648.0,61
322,680,2017-06-21,34415.0,19
323,169,2020-04-09,34030.0,76
324,1903,2016-06-02,10063.0,41
325,400,2023-10-14,28650.0,83
326,771,2018-03-31,20014.0,25
327,1934,2023-11-26,34276.0,98
328,1590,2016-03-12,17258.0,50
329,167,2017-02-12,14918.0,75
330,1405,2023-04-07,10256.0,88
331,1719,2016-09-17,22749.0,42
332,1049,2022-04-15,33518.0,68
333,362,2019-09-26,29533.0,25
334,9,2019-02-14,20642.0,71
335,961,2021-09-26,20475.0,94
336,1273,2019-08-14,17735.0,62
337,1976,2023-04-25,33416.0,99
338,355,2017-03-25,27668.0,19
339,701,2023-10-04,37579.0,87
340,480,2022-02-28,14974.0,85
341,1293,2019-07-05,11514.0,10
342,362,2016-05-21,15605.0,99
343,577,2019-09-12,38390.0,63
344,126,2016-10-30,13822.0,84
345,1059,2019-07-07,13620.0,78
346,235,2019-03-23,16264.0,74
347,1035,2020-09-10,21093.0,26
348,352,2022-06-07,19957.0,90
349,575,2017-09-10,10266.0,29
350,1124,2023-06-28,34050.0,48
351,679,2020-08-01,16222.0,68
352,354,2016-07-17,37073.0,83
353,330,2022-01-24,19299.0,42
354,1137,2022-09-18,15913.0,36
355,1050,2023-04-20,20465.0,66
356,51,2020-04-26,27940.0,67
357,1521,2020-01-27,14265.0,17
358,1126,2016-05-18,22367.0,54
359,1080,2022-10-13,31535.0,95
360,1209,2023-09-25,11162.0,40
361,832,2016-03-13,31068.0,61
362,123,2019-09-28,12291.0,37
363,308,2019-04-20,31438.0,23
364,1099,2016-10-26,16193.0,49
365,1124,2020-10-07,20215.0,48
366,928,2021-10-01,20203.0,63
367,943,2022-08-30,15541.0,17
368,125,2021-08-05,11439.0,29
369,1880,2017-12-18,39200.0,34
370,1430,2019-12-03,13804.0,54
371,1077,2023-11-29,24327.0,65
372,1869,2017-05-24,24687.0,72
373,1321,2023-05-23,37787.0,49
374,740,2023-07-30,19326.0,25
375,150,2019-06-26,33685.0,56
376,816,2021-03-15,21167.0,21
377,1804,2023-04-08,10057.0,19
378,872,2023-11-29,10826.0,49
379,1299,2019-06-19,36827.0,13
380,41,2017-02-01,31152.0,42
381,942,2016-07-23,33403.0,84
382,1826,2022-10-12,18708.0,27
383,651,2018-09-25,12596.0,78
384,885,2020-04-23,21193.0,27
385,807,2024-02-10,37947.0,94
386,947,2023-03-18,16266.0,56
387,1519,2020-01-12,14139.0,38
388,1742,2023-08-08,25200.0,67
389,1839,2018-08-02,17688.0,71
390,1976,2022-08-11,21694.0,77
391,1905,2021-09-08,11590.0,56
392,786,2018-04-12,35782.0,33
393,548,2017-04-14,39053.0,74
394,1700,2019-11-03,38873.0,26
395,372,2020-05-30,37993.0,41
396,1907,2022-11-16,30029.0,59
397,365,2021-02-21,30137.0,26
398,1352,2023-11-01,27403.0,27
399,907,2023-05-31,19344.0,70
400,159,2017-09-17,13962.0,16
401,970,2016-05-01,18664.0,10
402,112,2016-03-10,29348.0,22
403,1427,2019-09-10,26182.0,19
404,1653,2019-05-22,30150.0,96
405,248,2020-03-24,24236.0,16
406,1399,2017-08-10,39097.0,55
407,672,2018-01-03,27815.0,16
408,1970,2019-09-26,25566.0,33
409,801,2020-03-10,20054.0,57
410,1327,2018-06-24,23792.0,89
411,593,2018-02-18,16583.0,41
412,614,2019-09-12,39107.0,25
413,1665,2019-05-28,26235.0,31
414,920,2019-02-14,16038.0,72
415,385,2018-07-12,32019.0,55
416,1407,2016-06-02,14102.0,61
417,370,2022-01-07,32090.0,75
418,1288,2021-06-06,17402.0,75
419,1593,2017-05-07,15622.0,55
420,1583,2018-01-29,35612.0,21
421,27,2023-09-28,35149.0,12
422,803,2016-12-16,35259.0,83
423,1947,2017-02-09,11235.0,28
424,686,2019-04-26,28565.0,53
425,1787,2022-11-05,32981.0,75
426,309,2022-06-24,33347.0,88
427,499,2016-02-12,15834.0,27
428,1090,2017-10-28,17406.0,24
429,1882,2023-04-03,38440.0,56
430,650,2021-03-03,10941.0,27
431,1089,2022-11-29,34889.0,60
432,1509,2016-02-26,14849.0,68
433,885,2022-09-06,10987.0,65
434,1717,2017-08-27,31722.0,22
435,1522,2019-06-20,32150.0,69
436,892,2022-05-15,10352.0,85
437,1977,2021-12-30,27039.0,78
438,903,2022-04-26,18536.0,80
439,880,2017-04-22,23424.0,15
440,1869,2019-08-29,33966.0,84
441,1961,2021-02-04,38553.0,63
442,1468,2018-02-25,27981.0,14
443,944,2020-05-02,37669.0,76
444,832,2021-05-15,33505.0,49
445,1991,2017-04-24,35693.0,22
446,20,2023-01-20,26959.0,55
447,343,2017-06-18,24715.0,70
448,387,2022-08-17,25015.0,33
449,533,2019-09-23,25792.0,93
450,1847,2022-05-17,18547.0,99
451,829,2023-09-08,22911.0,44
452,166,2016-06-16,39228.0,56
453,1695,2021-12-03,33392.0,17
454,519,2022-06-21,18251.0,10
455,1306,2023-08-01,31748.0,58
456,1672,2019-05-11,28579.0,11
457,1938,2018-12-28,28313.0,91
458,690,2019-04-01,12968.0,36
459,1917,2017-12-24,29795.0,48
460,900,2016-05-07,23130.0,86
461,195,2017-09-02,26463.0,70
462,1881,2020-04-21,34400.0,49
463,202,2020-04-20,25976.0,50
464,1215,2023-01-14,34353.0,15
465,326,2016-06-21,37878.0,88
466,1884,2022-10-21,29843.0,44
467,1727,2019-05-12,26038.0,14
468,764,2018-01-04,19605.0,15
469,1867,2020-10-30,12198.0,12
470,1582,2021-08-31,28513.0,56
471,1890,2017-04-04,20082.0,26
472,1964,2021-11-27,18597.0,69
473,1362,2018-01-23,16435.0,90
474,1906,2022-01-29,39640.0,74
475,853,2017-08-30,30480.0,35
476,1355,2023-10-04,19586.0,72
477,309,2018-06-01,36016.0,12
478,963,2023-08-18,28189.0,80
479,262,2019-08-23,17623.0,68
480,1373,2020-04-19,36706.0,50
481,717,2021-11-08,25650.0,42
482,525,2018-10-18,37608.0,93
483,1078,2016-05-31,20023.0,55
484,61,2022-09-24,21531.0,13
485,1204,2021-04-15,36344.0,75
486,125,2021-09-04,38777.0,84
487,465,2019-01-25,12113.0,51
488,719,2022-12-04,13525.0,47
489,3,2023-12-02,26454.0,93
490,1614,2023-03-29,39871.0,98
491,1820,2023-06-13,13056.0,100
492,1509,2016-07-07,21325.0,12
493,115,2016-07-24,27411.0,89
494,1348,2022-03-18,16054.0,89
495,232,2018-08-16,32617.0,43
496,1127,2023-03-26,29744.0,37
497,1314,2016-11-13,15842.0,61
498,1114,2020-04-17,26127.0,36
499,1020,2023-01-23,12041.0,70
500,58,2017-04-13,31212.0,47
501,469,2021-01-26,39639.0,47
502,1384,2020-01-18,35713.0,94
503,1294,2020-06-14,24223.0,60
504,78,2021-02-03,32522.0,86
505,773,2019-07-16,38329.0,23
506,627,2023-09-04,17647.0,56
507,1746,2016-11-14,10478.0,88
508,1239,2016-02-27,39430.0,21
509,1546,2017-02-20,17760.0,74
510,1073,2018-12-06,22060.0,39
511,1084,2019-04-08,10789.0,79
512,90,2022-07-19,30273.0,37
513,523,2018-01-18,22224.0,17
514,1107,2020-03-09,30307.0,65
515,711,2020-04-13,29374.0,54
516,148,2021-01-17,20599.0,89
517,1704,2022-07-11,17855.0,35
518,1573,2023-07-16,26483.0,89
519,1285,2016-11-28,30332.0,10
520,418,2021-09-11,12384.0,62
521,1605,2023-08-19,12219.0,36
522,913,2017-05-10,39428.0,95
523,381,2020-01-29,25755.0,18
524,722,2019-07-16,19393.0,44
525,278,2022-06-09,31372.0,45
526,1452,2017-09-20,25233.0,54
527,1719,2020-06-30,20913.0,19
528,546,2020-06-12,19989.0,78
529,1111,2018-04-27,21638.0,52
530,795,2018-10-23,24470.0,70
531,505,2021-08-26,25587.0,61
532,741,2018-06-11,17551.0,96
533,1166,2018-05-23,23432.0,84
534,904,2019-09-14,32420.0,35
535,1827,2022-10-02,22737.0,83
536,1461,2021-01-11,22676.0,22
537,260,2021-11-28,33704.0,13
538,496,2019-06-03,33447.0,87
539,1093,2016-10-11,13904.0,53
540,901,2020-06-23,29026.0,56
541,1089,2023-06-09,16298.0,85
542,210,2019-01-16,14682.0,51
543,348,2021-07-28,23303.0,27
544,619,2024-02-07,18267.0,40
545,223,2022-01-24,30428.0,93
546,512,2022-12-27,21223.0,87
547,235,2017-11-19,38010.0,90
548,384,2022-10-09,22441.0,41
549,142,2023-08-08,36346.0,91
550,629,2016-04-06,27856.0,63
551,788,2019-07-03,35892.0,71
552,543,2021-11-23,38547.0,59
553,1710,2021-03-13,35929.0,85
554,374,2018-01-31,38853.0,86
555,543,2023-02-19,13625.0,19
556,36,2021-01-20,36517.0,29
557,1350,2020-12-18,13014.0,66
558,1003,2019-01-26,15685.0,26
559,359,2017-08-04,29290.0,94
560,818,2016-08-10,17327.0,61
561,1150,2023-04-27,33888.0,32
562,1217,2020-09-24,28252.0,74
563,877,2022-11-02,17196.0,51
564,927,2022-02-07,19853.0,19
565,466,2019-06-01,12641.0,25
566,1925,2020-03-25,29882.0,73
567,1928,2023-11-15,14485.0,87
568,548,2021-02-13,26239.0,51
569,92,2021-10-29,25756.0,53
570,1067,2019-10-13,39988.0,54
571,222,2018-01-31,39503.0,45
572,912,2017-08-30,19882.0,72
573,396,2016-05-10,29546.0,67
574,410,2020-12-18,16854.0,55
575,720,2019-06-17,13134.0,48
576,1636,2018-02-20,15604.0,53
577,575,2021-04-10,26382.0,26
578,1740,2018-10-15,28250.0,32
579,1169,2017-01-03,32064.0,99
580,491,2021-03-18,21574.0,78
581,596,2016-07-27,39252.0,81
582,860,2023-03-14,21015.0,41
583,252,2024-01-23,29765.0,71
584,1054,2016-12-25,24432.0,21
585,1823,2022-12-02,26629.0,60
586,116,2017-09-29,20161.0,50
587,327,2022-02-06,19575.0,72
588,1034,2018-06-06,32893.0,22
589,1779,2020-09-25,39769.0,47
590,186,2021-08-20,18753.0,43
591,1382,2017-03-04,22843.0,83
592,1364,2020-10-12,34982.0,86
593,465,2022-09-16,25456.0,36
594,671,2019-09-02,24392.0,36
595,1478,2018-05-10,16236.0,75
596,1729,2016-06-22,35101.0,95
597,45,2023-12-14,14042.0,86
598,28,2019-02-02,39704.0,71
599,475,2023-05-31,14527.0,53
600,212,2021-08-26,20248.0,24
601,364,2019-01-27,33077.0,40
602,1840,2019-11-27,28546.0,90
603,1616,2019-05-18,39660.0,10
604,1692,2016-06-20,27195.0,15
605,209,2022-01-22,30483.0,94
606,422,2023-09-15,19934.0,49
607,1776,2022-01-31,34345.0,71
608,807,2020-06-26,24974.0,65
609,970,2017-09-26,33717.0,91
610,1245,2019-06-03,27592.0,17
611,1607,2021-07-25,29696.0,59
612,1553,2021-04-06,39363.0,68
613,1015,2016-06-16,32066.0,16
614,319,2021-07-29,29229.0,15
615,1065,2021-02-23,28196.0,90
616,1737,2023-07-06,25180.0,25
617,1489,2023-08-22,35468.0,58
618,803,2021-02-14,13625.0,61
619,1531,2018-04-21,23195.0,20
620,1191,2018-06-21,31889.0,95
621,495,2020-10-03,37464.0,95
622,1693,2023-07-19,33813.0,15
623,1123,2022-01-17,11649.0,55
624,106,2021-12-07,29478.0,54
625,334,2018-04-29,37409.0,82
626,481,2019-06-22,12759.0,36
627,712,2017-02-21,17865.0,61
628,687,2020-02-18,37790.0,24
629,481,2016-07-26,26883.0,94
630,1850,2019-08-10,16250.0,39
631,163,2022-05-23,39334.0,50
632,1844,2016-10-14,17228.0,92
633,802,2016-12-31,16533.0,98
634,1461,2019-04-15,21182.0,96
635,1168,2023-11-16,14379.0,17
636,1765,2018-04-05,26728.0,33
637,100,2019-11-06,13862.0,91
638,244,2022-03-28,23218.0,20
639,558,2021-07-01,19703.0,52
640,791,2018-05-05,12359.0,80
641,724,2022-12-12,37986.0,12
642,1561,2019-11-27,32887.0,96
643,1535,2019-10-02,23384.0,18
644,577,2019-03-31,30846.0,35
645,1328,2020-05-22,13722.0,50
646,634,2020-06-01,23937.0,31
647,1645,2018-09-12,37977.0,47
648,1032,2018-09-04,39894.0,86
649,1887,2022-11-04,39222.0,38
650,1720,2022-08-19,22710.0,91
651,378,2022-05-08,26772.0,83
652,926,2016-06-27,31110.0,64
653,1008,2017-04-05,26095.0,100
654,1086,2022-05-25,10446.0,56
655,207,2023-07-06,12997.0,85
656,1612,2023-06-24,26027.0,88
657,126,2017-05-18,14749.0,12
658,1893,2021-10-29,11685.0,79
659,1555,2023-09-24,30556.0,69
660,887,2019-06-20,37384.0,74
661,803,2023-09-25,34805.0,44
662,325,2022-12-30,11231.0,75
663,1343,2023-11-04,18990.0,24
664,540,2020-08-07,32033.0,76
665,1030,2019-11-14,25305.0,29
666,1185,2020-11-16,17967.0,92
667,1723,2021-09-07,33040.0,63
668,1224,2017-12-14,39186.0,45
669,1224,2021-01-29,17625.0,91
670,1723,2018-04-27,18213.0,71
671,1539,2017-03-12,27250.0,23
672,103,2022-12-04,38950.0,11
673,1181,2017-04-30,34504.0,46
674,1530,2019-04-24,26383.0,16
675,1740,2021-07-31,23216.0,26
676,735,2016-07-02,34995.0,18
677,1960,2018-06-08,26231.0,89
678,702,2023-10-28,21137.0,46
679,1883,2016-05-13,35191.0,42
680,1492,2019-12-21,29472.0,33
681,281,2023-07-13,11509.0,81
682,595,2021-12-02,27467.0,20
683,1926,2020-11-19,37415.0,97
684,1870,2020-07-12,18299.0,86
685,724,2019-06-14,35508.0,71
686,1371,2023-08-08,10907.0,25
687,1678,2021-03-30,35238.0,23
688,358,2023-12-06,39502.0,69
689,18,2018-12-28,25563.0,17
690,1019,2023-05-29,17238.0,55
691,1461,2019-09-28,10532.0,38
692,1572,2022-06-15,16795.0,30
693,798,2018-06-14,24607.0,79
694,1981,2020-03-22,27695.0,68
695,169,2016-07-30,33660.0,32
696,726,2016-07-03,36600.0,89
697,524,2017-01-11,25809.0,66
698,198,2018-04-20,31247.0,40
699,1224,2018-04-17,31608.0,16
700,716,2019-12-24,30552.0,32
701,1333,2020-01-20,10325.0,25
702,101,2017-09-09,20503.0,43
703,180,2022-05-18,11842.0,19
704,1684,2023-04-04,23192.0,52
705,1055,2020-10-19,21570.0,47
706,1928,2021-05-02,26224.0,20
707,1682,2018-05-05,20689.0,85
708,208,2022-03-09,27465.0,59
709,1385,2023-12-24,36759.0,89
710,544,2019-05-15,37883.0,17
711,1999,2021-12-07,37222.0,54
712,3,2017-02-12,32864.0,78
713,953,2023-02-19,24766.0,29
714,375,2019-10-10,12049.0,84
715,161,2023-06-29,18670.0,54
716,1819,2016-11-10,29723.0,73
717,1665,2023-06-19,19086.0,42
718,806,2017-07-23,34703.0,65
719,211,2023-11-10,19162.0,11
720,1476,2018-03-09,37870.0,27
721,1817,2020-12-16,19984.0,100
722,453,2017-10-05,33312.0,100
723,1735,2022-03-02,32420.0,73
724,527,2016-07-06,25661.0,72
725,1721,2020-01-14,11698.0,94
726,417,2016-10-18,11929.0,14
727,1788,2018-05-19,27539.0,28
728,390,2016-08-15,35781.0,19
729,1766,2016-08-18,16407.0,96
730,1253,2016-06-12,15527.0,73
731,534,2023-09-18,33470.0,47
732,1118,2018-07-26,10146.0,31
733,1747,2023-06-13,14570.0,84
734,345,2018-06-03,26764.0,36
735,1272,2019-01-21,38085.0,33
736,31,2016-09-01,10321.0,14
737,684,2021-09-09,39368.0,49
738,1022,2017-11-13,26926.0,77
739,83,2021-06-19,35000.0,89
740,563,2023-10-28,38610.0,89
741,1509,2017-11-01,14119.0,67
742,796,2017-06-13,34941.0,16
743,1178,2022-05-04,29919.0,14
744,1869,2017-03-09,14692.0,56
745,35,2021-06-02,33382.0,39
746,967,2021-11-25,20056.0,17
747,323,2021-01-06,24053.0,34
748,66,2016-07-22,18137.0,92
749,606,2022-11-16,38967.0,52
750,822,2021-07-23,18914.0,23
751,615,2018-08-19,37609.0,48
752,549,2021-04-24,25697.0,48
753,1013,2021-01-23,28763.0,21
754,1512,2016-10-29,22590.0,16
755,338,2018-05-10,10006.0,12
756,1136,2022-07-01,13635.0,75
757,1521,2018-03-01,14357.0,90
758,321,2019-08-28,28365.0,70
759,1520,2016-10-23,28041.0,68
760,689,2021-01-12,37930.0,86
761,218,2024-01-20,12968.0,16
762,334,2022-10-08,35829.0,57
763,1912,2019-02-11,36298.0,30
764,1272,2017-01-19,19848.0,19
765,1275,2023-01-09,22528.0,90
766,996,2016-03-12,23318.0,96
767,1667,2019-02-20,18357.0,64
768,488,2016-10-12,14692.0,88
769,1453,2018-01-04,20869.0,84
770,1735,2020-08-10,29744.0,35
771,1733,2017-04-10,28387.0,10
772,1764,2023-03-29,39890.0,33
773,90,2021-01-29,38033.0,55
774,541,2022-07-15,37315.0,51
775,1390,2022-03-22,23141.0,64
776,674,2021-08-03,17459.0,60
777,1228,2023-09-24,12690.0,20
778,205,2018-08-23,34775.0,96
779,1768,2017-09-03,34247.0,100
780,473,2023-10-11,19672.0,75
781,656,2020-10-24,15742.0,19
782,1719,2020-07-17,12037.0,41
783,935,2018-06-26,17609.0,99
784,401,2019-10-31,27811.0,10
785,1185,2019-04-24,29474.0,86
786,1897,2020-11-09,37750.0,37
787,1481,2019-11-29,27093.0,76
788,1552,2019-07-26,26262.0,10
789,1404,2018-03-22,28290.0,94
790,544,2022-01-24,21249.0,81
791,439,2017-11-27,14050.0,86
792,594,2023-04-07,27914.0,100
793,1099,2022-09-06,13926.0,69
794,1189,2021-04-21,20169.0,21
795,120,2017-01-08,36900.0,93
796,1535,2020-03-21,30446.0,98
797,1758,2023-05-07,25061.0,25
798,723,2022-07-30,35434.0,45
799,442,2023-10-31,16833.0,39
800,23,2018-03-23,13716.0,17
801,709,2020-11-11,34604.0,74
802,246,2016-09-07,33783.0,94
803,538,2019-11-02,25445.0,25
804,1913,2021-08-14,35571.0,81
805,1319,2021-10-07,19845.0,17
806,606,2018-05-02,18995.0,46
807,1854,2019-09-10,17679.0,62
808,1872,2019-01-29,18447.0,34
809,720,2020-11-24,21419.0,69
810,765,2018-03-28,19191.0,24
811,1420,2020-10-24,30683.0,82
812,516,2019-02-28,35054.0,43
813,1364,2019-03-06,15380.0,18
814,1604,2018-06-04,30212.0,65
815,263,2016-04-22,32791.0,73
816,352,2019-07-28,19286.0,20
817,466,2022-08-18,29890.0,42
818,639,2016-12-28,27306.0,61
819,1511,2023-06-19,10961.0,27
820,1310,2016-06-02,19752.0,99
821,701,2016-09-09,28673.0,68
822,1993,2020-10-22,16173.0,66
823,895,2023-10-16,32883.0,30
824,1740,2018-10-17,31409.0,57
825,1761,2023-11-29,14764.0,71
826,1349,2024-01-21,30870.0,66
827,1094,2017-09-03,19822.0,38
828,1880,2016-07-24,39486.0,40
829,31,2020-04-26,28424.0,78
830,1121,2023-03-04,25195.0,66
831,1602,2021-02-13,25679.0,21
832,501,2020-12-27,22760.0,73
833,314,2021-05-23,29428.0,84
834,470,2022-04-30,13573.0,37
835,631,2016-03-05,36544.0,80
836,1564,2022-10-17,10923.0,70
837,1503,2023-01-14,13414.0,77
838,831,2023-05-05,38113.0,58
839,844,2019-06-28,26022.0,43
840,904,2019-03-03,29669.0,55
841,1929,2018-03-21,14317.0,96
842,564,2018-02-03,33875.0,93
843,1833,2022-07-11,20452.0,66
844,1875,2017-03-14,33282.0,84
845,1603,2022-06-07,11545.0,37
846,18,2022-06-01,17181.0,67
847,6,2023-11-04,20365.0,62
848,1042,2017-01-07,18924.0,96
849,614,2021-09-02,36837.0,89
850,220,2020-11-23,34972.0,54
851,1660,2021-08-20,16130.0,21
852,1523,2017-03-06,21356.0,35
853,455,2023-04-05,39785.0,59
854,1801,2017-09-07,20746.0,28
855,390,2017-12-30,32137.0,22
856,360,2018-08-12,37054.0,12
857,1213,2016-05-30,20666.0,91
858,878,2023-05-23,27169.0,100
859,81,2019-09-24,10933.0,33
860,1771,2020-02-13,11702.0,81
861,910,2022-06-07,37693.0,38
862,600,2019-07-17,38749.0,63
863,1214,2016-03-22,39889.0,96
864,1837,2018-04-13,11818.0,67
865,1477,2020-07-22,21831.0,22
866,1439,2020-12-15,36486.0,71
867,1431,2023-05-05,21976.0,98
868,777,2023-04-15,32858.0,94
869,1508,2021-03-29,29434.0,25
870,681,2018-08-21,31368.0,82
871,451,2016-03-17,33904.0,61
872,1896,2019-04-08,33060.0,43
873,361,2022-08-12,20864.0,65
874,46,2017-04-23,22767.0,80
875,1794,2021-04-18,39445.0,59
876,772,2023-12-10,19673.0,78
877,59,2016-07-03,33995.0,27
878,1477,2018-12-17,30223.0,75
879,129,2021-03-20,12603.0,70
880,1926,2021-06-17,26206.0,30
881,31,2019-01-09,32588.0,31
882,1990,2020-12-27,36000.0,11
883,146,2018-05-31,37971.0,17
884,534,2018-07-01,31937.0,50
885,784,2024-01-23,24366.0,80
886,1516,2019-01-01,39083.0,93
887,1858,2022-10-04,28045.0,97
888,633,2016-03-25,14955.0,44
889,925,2018-08-30,20098.0,89
890,1039,2019-06-25,21498.0,18
891,883,2021-01-04,11506.0,16
892,1619,2020-01-24,10010.0,25
893,1829,2017-05-21,26345.0,40
894,48,2017-06-01,34670.0,23
895,697,2022-12-06,10225.0,21
896,1339,2016-11-03,31099.0,33
897,1803,2020-06-19,29188.0,60
898,1659,2023-05-08,15941.0,32
899,153,2017-06-17,11761.0,38
900,293,2018-02-06,36953.0,71
901,629,2018-06-01,12083.0,60
902,1051,2018-11-22,29319.0,70
903,1983,2021-10-08,36864.0,34
904,1775,2022-07-08,30154.0,46
905,1479,2022-02-12,27567.0,97
906,1469,2018-03-22,32588.0,15
907,448,2020-02-19,19419.0,84
908,1335,2022-12-11,30392.0,36
909,1620,2023-05-26,33560.0,94
910,1155,2018-06-19,14552.0,98
911,1176,2016-10-27,15892.0,34
912,697,2020-02-23,16493.0,65
913,1954,2019-08-21,19188.0,35
914,1248,2019-09-06,21918.0,74
915,575,2020-04-07,28308.0,22
916,1671,2020-11-04,22750.0,27
917,1860,2020-06-28,13157.0,98
918,901,2018-03-22,28381.0,26
919,430,2020-08-25,30432.0,59
920,87,2022-03-20,27295.0,32
921,1183,2023-12-04,13673.0,99
922,1758,2021-03-02,34884.0,91
923,1128,2020-09-16,37981.0,31
924,96,2023-06-29,17143.0,95
925,1889,2023-01-04,38183.0,80
926,138,2021-07-09,10405.0,29
927,480,2018-05-31,19048.0,91
928,1490,2016-06-04,37263.0,51
929,1064,2020-10-02,19868.0,64
930,1240,2022-09-16,34441.0,33
931,738,2018-05-09,12306.0,21
932,77,2018-04-27,32302.0,29
933,840,2018-05-15,12755.0,61
934,1127,2018-09-30,37677.0,20
935,879,2018-01-01,36480.0,18
936,784,2018-02-07,23870.0,44
937,667,2022-09-03,17017.0,76
938,973,2021-10-08,11479.0,13
939,107,2016-02-18,38103.0,21
940,1284,2019-11-01,31974.0,94
941,1650,2020-07-19,34025.0,38
942,1833,2020-10-10,39328.0,62
943,1619,2021-05-19,14198.0,59
944,11,2020-02-04,22713.0,40
945,419,2022-10-23,31122.0,72
946,174,2019-11-29,22525.0,12
947,446,2019-11-30,18050.0,91
948,1633,2018-05-30,26819.0,22
949,1715,2018-07-18,26149.0,14
950,1461,2022-04-30,34030.0,100
951,1024,2020-05-16,38075.0,69
952,1715,2016-05-05,14243.0,88
953,547,2022-07-03,15194.0,93
954,234,2019-11-17,17850.0,26
955,1536,2017-01-25,12233.0,92
956,1517,2021-11-17,13651.0,63
957,1072,2021-02-09,25498.0,40
958,207,2018-05-30,17223.0,37
959,873,2016-06-17,39176.0,60
960,795,2022-12-13,16331.0,96
961,1019,2021-06-27,10360.0,66
962,1046,2017-08-10,27825.0,97
963,1243,2016-11-26,16830.0,12
964,1542,2017-05-07,25396.0,73
965,124,2023-09-22,30502.0,61
966,1433,2022-10-30,19060.0,27
967,170,2016-12-22,10981.0,87
968,44,2020-05-13,12195.0,88
969,1224,2017-01-26,23640.0,27
970,74,2018-06-27,11756.0,73
971,1818,2018-08-16,28202.0,66
972,1171,2023-11-28,34721.0,12
973,2,2023-07-03,35324.0,67
974,1674,2019-07-18,34695.0,11
975,478,2023-12-11,26094.0,66
976,1731,2018-07-16,21731.0,93
977,212,2021-11-03,28496.0,43
978,1243,2021-07-13,16877.0,88
979,314,2018-04-13,30716.0,28
980,726,2016-10-20,30143.0,67
981,394,2019-11-05,20066.0,78
982,251,2023-01-12,34562.0,75
983,201,2023-10-15,36089.0,87
984,965,2019-01-11,14213.0,83
985,210,2019-05-12,16056.0,92
986,1675,2019-09-12,30436.0,33
987,1142,2022-11-06,33852.0,49
988,739,2024-01-26,27545.0,62
989,1273,2020-01-17,30576.0,18
990,496,2021-04-29,13751.0,48
991,425,2022-10-08,27268.0,84
992,1581,2023-07-19,16881.0,65
993,645,2018-03-27,32282.0,91
994,7,2017-11-22,36621.0,76
995,86,2023-01-08,36672.0,87
996,463,2023-09-19,37004.0,68
997,1818,2017-11-05,10956.0,76
998,537,2018-06-29,36297.0,60
999,1967,2023-09-09,10723.0,88
1000,858,2019-06-14,29408.0,83
1001,1071,2023-05-13,35161.0,57
1002,492,2020-11-10,23524.0,12
1003,1173,2021-07-23,36530.0,66
1004,1019,2020-08-16,25998.0,76
1005,94,2022-10-14,33319.0,48
1006,77,2022-09-11,20879.0,66
1007,391,2019-01-01,23052.0,22
1008,210,2019-07-16,11281.0,53
1009,1988,2018-07-16,28038.0,19
1010,228,2022-02-24,35798.0,93
1011,1049,2020-04-07,34470.0,81
1012,471,2020-08-21,31340.0,83
1013,825,2018-05-28,25138.0,99
1014,1989,2018-08-25,15132.0,88
1015,1725,2021-10-28,14718.0,98
1016,1975,2020-10-29,30355.0,13
1017,677,2016-08-19,27306.0,17
1018,1848,2017-10-04,16702.0,61
1019,1138,2017-02-10,18676.0,24
1020,1097,2016-10-06,21549.0,24
1021,1720,2018-02-01,12564.0,94
1022,135,2022-04-10,11595.0,15
1023,121,2018-09-17,38028.0,82
1024,1774,2018-04-28,10774.0,70
1025,1064,2023-01-22,14616.0,56
1026,17,2019-01-10,23619.0,64
1027,540,2022-11-07,21808.0,41
1028,765,2020-03-23,14990.0,33
1029,966,2021-04-30,14382.0,74
1030,263,2020-04-17,24365.0,94
1031,1260,2019-08-02,39912.0,88
1032,884,2022-10-13,10564.0,86
1033,1580,2021-03-22,18852.0,64
1034,1274,2022-08-20,35985.0,99
1035,253,2022-01-21,26787.0,36
1036,1326,2017-05-11,31681.0,93
1037,1309,2019-12-17,35189.0,11
1038,436,2023-10-30,32887.0,33
1039,1696,2019-01-31,36862.0,100
1040,141,2018-06-22,20590.0,14
1041,110,2022-03-27,13350.0,92
1042,433,2020-04-27,31387.0,80
1043,618,2018-09-28,38505.0,28
1044,879,2019-07-10,37447.0,41
1045,1472,2020-10-14,11383.0,61
1046,963,2021-10-08,36811.0,34
1047,1748,2017-01-09,30330.0,69
1048,1120,2020-01-31,14961.0,25
1049,1250,2021-05-27,38610.0,35
1050,154,2016-09-20,39631.0,50
1051,1162,2019-10-26,32064.0,92
1052,1448,2022-03-26,34075.0,65
1053,1704,2018-09-20,39538.0,26
1054,1136,2020-02-29,33556.0,25
1055,638,2022-12-13,18809.0,11
1056,1601,2019-07-20,10219.0,40
1057,1503,2020-07-25,39130.0,10
1058,1545,2023-06-29,21925.0,100
1059,393,2019-05-24,21316.0,32
1060,1667,2023-09-28,16583.0,18
1061,1282,2017-11-17,16201.0,78
1062,1521,2019-02-26,32782.0,75
1063,1942,2022-01-15,26286.0,76
1064,242,2021-08-31,15807.0,45
1065,616,2019-09-06,14841.0,66
1066,1974,2022-02-23,21567.0,34
1067,1734,2016-05-28,20034.0,34
1068,1576,2022-10-02,31698.0,82
1069,1956,2017-03-12,18062.0,94
1070,1701,2019-03-08,12064.0,15
1071,1933,2016-05-19,37348.0,13
1072,580,2020-09-09,16465.0,44
1073,1893,2020-12-30,35383.0,57
1074,1716,2022-10-26,16331.0,29
1075,781,2016-06-02,28449.0,28
1076,1789,2016-05-26,28269.0,39
1077,1925,2018-09-28,25527.0,34
1078,281,2020-05-11,37299.0,11
1079,669,2023-07-17,22165.0,76
1080,828,2019-01-18,25075.0,59
1081,1561,2018-03-31,16279.0,87
1082,1351,2022-06-14,33025.0,69
1083,1355,2023-01-19,31143.0,71
1084,1969,2021-08-13,30663.0,100
1085,1777,2019-10-17,39845.0,22
1086,360,2018-05-30,16845.0,61
1087,1966,2020-11-29,23374.0,48
1088,709,2020-08-27,22635.0,13
1089,1605,2021-05-17,13395.0,72
1090,602,2018-01-18,30214.0,30
1091,662,2022-01-17,24350.0,87
1092,1513,2023-01-07,33208.0,33
1093,688,2021-06-17,27168.0,70
1094,338,2019-11-11,12607.0,59
1095,341,2017-10-19,21591.0,70
1096,818,2016-08-17,39620.0,97
1097,663,2016-04-01,24477.0,32
1098,1530,2018-03-20,39931.0,37
1099,1902,2020-11-23,34353.0,98
1100,768,2017-04-22,32615.0,63
1101,1375,2017-10-04,25722.0,99
1102,250,2022-03-21,19513.0,96
1103,214,2019-01-09,23762.0,75
1104,196,2022-08-27,28034.0,65
1105,1813,2017-10-22,14511.0,28
1106,1555,2021-11-20,10746.0,66
1107,1664,2016-07-06,15901.0,69
1108,542,2019-07-12,28302.0,11
1109,1502,2016-04-08,37515.0,45
1110,1696,2023-09-08,27164.0,42
1111,525,2016-11-12,39781.0,94
1112,1846,2024-01-02,20086.0,55
1113,131,2022-01-08,21822.0,25
1114,236,2023-08-27,10793.0,94
1115,311,2022-03-29,24803.0,58
1116,1411,2020-06-09,37656.0,65
1117,1668,2018-02-10,27317.0,88
1118,1539,2022-04-10,36160.0,33
1119,80,2020-03-27,26405.0,27
1120,619,2023-08-30,12062.0,93
1121,1506,2017-07-15,34640.0,60
1122,1569,2020-12-18,23514.0,79
1123,1665,2019-10-28,31467.0,71
1124,42,2018-03-09,28293.0,28
1125,1718,2023-07-21,31928.0,15
1126,124,2017-09-24,32449.0,50
1127,732,2017-11-16,39274.0,50
1128,1286,2020-03-21,22192.0,17
1129,1399,2021-02-26,28645.0,21
1130,1591,2024-01-26,25331.0,43
1131,505,2016-10-16,22465.0,78
1132,1093,2020-07-15,23426.0,61
1133,749,2018-10-21,23445.0,28
1134,6,2023-12-10,29122.0,19
1135,1233,2021-01-30,36692.0,98
1136,1425,2020-06-24,25587.0,71
1137,112,2023-01-24,31244.0,64
1138,1246,2022-10-05,26054.0,11
1139,524,2016-02-27,34912.0,28
1140,848,2016-04-15,37233.0,40
1141,1133,2018-07-31,12891.0,14
1142,1726,2021-03-26,29454.0,41
1143,255,2020-02-17,37002.0,87
1144,590,2019-07-31,12605.0,70
1145,1831,2019-07-11,27183.0,38
1146,1953,2018-02-03,24642.0,37
1147,221,2018-12-18,20697.0,81
1148,1375,2021-04-30,21800.0,89
1149,500,2023-08-19,34216.0,20
1150,1714,2021-09-02,32360.0,35
1151,998,2018-05-02,24400.0,85
1152,441,2023-02-25,39089.0,93
1153,495,2022-11-12,34100.0,16
1154,1290,2023-07-23,26484.0,95
1155,783,2024-01-27,21196.0,73
1156,1285,2016-06-03,24365.0,46
1157,891,2018-03-17,18121.0,85
1158,56,2019-04-11,30358.0,82
1159,1012,2022-01-19,30141.0,51
1160,1220,2020-11-06,23435.0,88
1161,873,2021-09-09,14792.0,67
1162,594,2016-04-30,20771.0,93
1163,981,2018-03-03,11315.0,59
1164,1683,2016-09-13,11720.0,63
1165,1448,2016-08-03,20608.0,90
1166,35,2017-09-18,37935.0,15
1167,1865,2017-01-21,16271.0,92
1168,1585,2023-05-31,37515.0,42
1169,1525,2023-06-30,18457.0,60
1170,1745,2018-01-14,24154.0,27
1171,1608,2016-07-27,29746.0,61
1172,254,2021-10-04,32265.0,75
1173,1306,2018-09-30,27145.0,59
1174,1519,2018-07-18,24050.0,87
1175,1192,2019-05-05,25786.0,75
1176,238,2022-10-16,19135.0,26
1177,1251,2022-07-23,11699.0,32
1178,1920,2022-09-04,16941.0,74
1179,1559,2019-12-21,13423.0,73
1180,709,2021-12-05,28866.0,52
1181,1366,2017-09-25,18899.0,14
1182,1298,2018-12-16,26996.0,15
1183,642,2022-05-20,39366.0,56
1184,1818,2021-02-26,31523.0,61
1185,299,2020-12-31,16930.0,10
1186,1555,2019-04-10,25501.0,27
1187,1014,2017-06-28,23689.0,97
1188,1988,2022-06-24,14052.0,53
1189,365,2021-09-07,25241.0,88
1190,910,2018-09-08,19420.0,38
1191,588,2022-01-30,20549.0,69
1192,1094,2017-03-01,23135.0,34
1193,742,2016-11-13,34876.0,91
1194,1383,2018-02-10,28493.0,11
1195,1519,2021-01-04,10725.0,17
1196,1559,2021-05-10,31612.0,33
1197,812,2017-05-25,26529.0,78
1198,1031,2017-03-29,17964.0,88
1199,649,2019-12-23,24518.0,34
1200,1243,2022-03-13,20147.0,73
1201,1072,2019-05-23,26970.0,32
1202,1117,2019-12-08,27984.0,19
1203,948,2017-03-02,29951.0,20
1204,1707,2023-12-28,13252.0,87
1205,344,2021-10-11,19891.0,13
1206,863,2020-04-14,11864.0,49
1207,1399,2016-04-15,26977.0,76
1208,1061,2017-04-22,26137.0,86
1209,1460,2019-01-12,34708.0,68
1210,657,2020-03-01,14433.0,18
1211,1024,2017-09-20,19144.0,44
1212,1675,2017-02-09,14484.0,83
1213,708,2023-06-21,27631.0,31
1214,1487,2019-04-11,19862.0,53
1215,934,2018-07-26,38017.0,87
1216,1133,2020-10-17,27720.0,27
1217,1235,2016-05-28,16766.0,82
1218,1380,2021-11-30,39990.0,35
1219,1942,2020-09-18,31732.0,57
1220,225,2021-12-30,35730.0,51
1221,1424,2018-05-03,33881.0,75
1222,1771,2020-06-09,19728.0,88
1223,70,2018-09-02,34331.0,86
1224,1473,2018-11-22,17098.0,100
1225,1288,2021-07-26,37840.0,46
1226,1825,2020-04-05,36219.0,79
1227,703,2020-01-06,32995.0,43
1228,136,2018-09-21,16389.0,97
1229,546,2018-11-14,39197.0,32
1230,1393,2023-03-30,22100.0,73
1231,1110,2021-02-27,37579.0,27
1232,970,2020-05-24,14423.0,96
1233,1233,2018-01-17,10415.0,30
1234,1444,2018-06-07,37860.0,63
1235,1793,2020-09-30,34222.0,65
1236,1021,2021-11-26,38527.0,72
1237,128,2017-07-19,15431.0,65
1238,1419,2023-04-13,17010.0,25
1239,205,2023-12-26,26549.0,63
1240,1563,2017-03-16,37316.0,68
1241,955,2023-02-01,14913.0,40
1242,117,2024-01-12,21807.0,63
1243,1027,2017-09-28,22485.0,58
1244,1087,2021-05-15,17403.0,39
1245,338,2022-11-16,12705.0,53
1246,217,2016-03-10,14351.0,43
1247,1286,2017-05-08,13008.0,90
1248,57,2017-12-21,35723.0,58
1249,1853,2020-08-08,22669.0,87
1250,822,2022-03-01,17028.0,57
1251,271,2016-02-13,38615.0,13
1252,394,2019-02-03,33911.0,100
1253,839,2016-08-07,37168.0,22
1254,477,2016-08-04,19370.0,81
1255,53,2020-12-20,24483.0,85
1256,1484,2017-12-07,21441.0,83
1257,898,2020-08-09,19980.0,97
1258,1408,2022-08-06,35650.0,81
1259,1782,2017-07-08,12536.0,50
1260,1389,2022-12-08,15127.0,91
1261,383,2022-05-13,27478.0,54
1262,683,2017-08-13,39082.0,35
1263,1422,2017-09-13,38950.0,13
1264,740,2016-09-29,13447.0,42
1265,427,2016-10-11,37329.0,98
1266,1880,2022-01-23,39698.0,91
1267,652,2020-08-12,21881.0,71
1268,611,2017-07-09,27738.0,15
1269,688,2016-05-15,29246.0,15
1270,859,2017-01-23,20789.0,64
1271,1256,2018-08-03,38223.0,70
1272,786,2019-02-11,29336.0,32
1273,1400,2022-07-20,14421.0,13
1274,1913,2017-01-29,20614.0,87
1275,1554,2021-07-16,19409.0,84
1276,405,2023-12-03,26670.0,69
1277,1621,2020-02-17,24375.0,86
1278,900,2019-03-29,37478.0,88
1279,1341,2022-08-21,15079.0,17
1280,201,2017-07-30,32871.0,80
1281,203,2022-06-09,38302.0,72
1282,591,2022-08-03,34245.0,88
1283,1873,2021-03-05,18621.0,40
1284,458,2021-09-09,29474.0,75
1285,663,2020-10-01,38725.0,64
1286,251,2022-11-01,21346.0,16
1287,1732,2019-12-21,36559.0,64
1288,1618,2021-10-16,28932.0,36
1289,455,2022-03-15,15599.0,67
1290,1404,2016-09-17,29332.0,31
1291,1695,2022-09-05,23725.0,61
1292,938,2019-10-07,17642.0,57
1293,205,2020-09-09,28206.0,27
1294,85,2017-09-27,14915.0,85
1295,613,2018-11-11,32300.0,35
1296,346,2022-11-06,13099.0,98
1297,1549,2019-04-20,31758.0,29
1298,26,2016-06-09,32838.0,88
1299,169,2018-09-04,36708.0,42
1300,554,2022-04-05,21822.0,65
1301,1093,2018-12-07,33507.0,62
1302,742,2016-06-24,19735.0,12
1303,211,2020-06-15,11699.0,51
1304,641,2023-05-24,32083.0,46
1305,1176,2020-09-22,36703.0,18
1306,1241,2018-06-27,30416.0,62
1307,1473,2016-03-11,32128.0,10
1308,1204,2023-01-21,36301.0,76
1309,1268,2019-05-19,30048.0,17
1310,1994,2023-08-31,34804.0,76
1311,1370,2016-04-07,11240.0,41
1312,78,2022-02-13,14560.0,86
1313,59,2024-01-18,29742.0,71
1314,811,2017-01-20,25052.0,40
1315,1879,2020-08-27,30738.0,38
1316,898,2016-05-23,31781.0,35
1317,944,2021-09-25,14160.0,40
1318,18,2019-10-17,22512.0,17
1319,1186,2022-05-03,11593.0,13
1320,641,2021-08-18,14891.0,39
1321,257,2019-03-09,30399.0,81
1322,515,2019-11-06,28088.0,55
1323,1139,2017-03-24,29786.0,98
1324,541,2021-09-04,39027.0,75
1325,631,2020-10-07,34774.0,97
1326,1086,2018-05-25,17325.0,54
1327,732,2023-08-09,35567.0,67
1328,707,2018-08-11,30948.0,87
1329,533,2021-11-10,27546.0,85
1330,1261,2018-05-21,15384.0,42
1331,858,2022-07-22,38675.0,82
1332,1037,2019-08-03,20718.0,92
1333,605,2017-01-09,15039.0,51
1334,1757,2023-04-11,22488.0,63
1335,1325,2018-06-11,30433.0,80
1336,148,2018-01-07,28841.0,54
1337,675,2022-07-26,39510.0,90
1338,1803,2019-10-27,37418.0,56
1339,468,2019-10-03,26485.0,19
1340,1249,2016-09-09,37064.0,81
1341,1543,2017-07-24,28215.0,28
1342,993,2021-04-05,12852.0,83
1343,893,2018-06-23,35410.0,14
1344,1784,2019-11-03,24240.0,65
1345,134,2016-07-01,26882.0,74
1346,1196,2020-10-28,25745.0,70
1347,822,2018-11-03,28326.0,36
1348,229,2018-07-13,17846.0,49
1349,990,2018-06-03,17770.0,26
1350,1098,2016-05-29,21680.0,57
1351,851,2023-10-28,33114.0,42
1352,1746,2020-04-10,18899.0,62
1353,964,2020-09-11,28205.0,27
1354,876,2020-04-09,37965.0,95
1355,1963,2018-08-10,34738.0,93
1356,647,2017-07-26,27455.0,39
1357,774,2021-07-27,25853.0,89
1358,1600,2018-07-06,26072.0,96
1359,1123,2016-03-17,23930.0,73
1360,8,2017-03-25,33188.0,47
1361,577,2019-12-30,18191.0,38
1362,1930,2021-09-21,11323.0,23
1363,848,2018-04-04,12256.0,98
1364,853,2017-08-13,20619.0,31
1365,953,2023-05-11,22490.0,34
1366,1583,2020-12-28,10585.0,32
1367,1056,2020-02-03,17512.0,69
1368,637,2017-04-03,29681.0,62
1369,70,2022-04-20,28363.0,91
1370,1978,2022-09-19,38900.0,29
1371,1465,2021-06-23,39114.0,11
1372,413,2018-09-17,14036.0,70
1373,1919,2020-06-06,20869.0,66
1374,317,2019-11-20,36070.0,63
1375,1658,2017-02-16,34696.0,69
1376,1635,2016-04-07,38396.0,63
1377,42,2023-07-18,37574.0,53
1378,1366,2019-09-17,16666.0,98
1379,1924,2022-05-24,16753.0,39
1380,770,2023-02-01,11233.0,62
1381,650,2024-02-05,14095.0,28
1382,742,2023-02-03,16378.0,19
1383,1473,2021-07-13,21393.0,62
1384,1692,2023-08-02,22527.0,43
1385,1408,2016-08-12,16619.0,90
1386,527,2017-08-27,28913.0,10
1387,1987,2020-02-19,31102.0,52
1388,796,2019-06-04,29256.0,89
1389,423,2023-06-02,18114.0,98
1390,1085,2018-05-03,31153.0,49
1391,984,2021-03-14,29145.0,19
1392,631,2018-07-21,24892.0,61
1393,776,2021-02-11,20855.0,15
1394,1130,2017-03-19,17309.0,56
1395,599,2021-02-13,28297.0,83
1396,1683,2021-04-17,27710.0,90
1397,568,2022-11-28,10787.0,38
1398,1796,2023-10-05,35228.0,94
1399,1335,2018-06-13,11954.0,61
1400,804,2022-02-06,35220.0,94
1401,1343,2017-01-03,18651.0,68
1402,884,2017-04-03,34312.0,19
1403,1008,2022-04-02,24762.0,32
1404,132,2021-12-04,22681.0,10
1405,1870,2019-01-05,16753.0,89
1406,393,2023-11-13,13545.0,45
1407,1384,2018-05-26,21433.0,20
1408,1051,2017-05-17,14575.0,68
1409,238,2017-01-21,14540.0,87
1410,1408,2018-02-01,35878.0,58
1411,923,2020-02-24,33844.0,44
1412,1115,2016-05-03,12092.0,13
1413,1718,2023-08-11,20392.0,60
1414,66,2019-02-24,21947.0,100
1415,53,2018-06-04,17308.0,80
1416,552,2017-07-03,18045.0,40
1417,1940,2020-08-06,17039.0,14
1418,1895,2019-05-19,21423.0,60
1419,1030,2022-09-29,15336.0,83
1420,1489,2017-08-10,29524.0,16
1421,1004,2020-07-20,10550.0,96
1422,1201,2021-02-28,24718.0,17
1423,1352,2022-06-19,34031.0,60
1424,1231,2017-11-29,23333.0,25
1425,1303,2018-04-15,34667.0,18
1426,516,2019-10-30,30391.0,46
1427,1702,2018-04-17,14033.0,66
1428,903,2020-07-05,21409.0,76
1429,1234,2018-02-21,34312.0,41
1430,342,2020-04-10,15472.0,34
1431,1501,2018-09-29,22004.0,80
1432,1820,2022-12-30,30132.0,94
1433,1901,2016-03-17,33784.0,89
1434,71,2017-09-30,17965.0,57
1435,582,2017-08-03,16438.0,45
1436,442,2020-02-23,11947.0,36
1437,1706,2016-06-01,34264.0,40
1438,823,2017-06-11,18217.0,28
1439,1465,2024-01-12,17906.0,48
1440,248,2022-12-04,19541.0,75
1441,172,2020-07-21,10131.0,74
1442,1558,2018-07-25,25335.0,56
1443,276,2019-09-17,10338.0,54
1444,888,2017-08-27,22704.0,27
1445,1952,2021-01-13,34836.0,67
1446,1312,2016-11-29,30666.0,22
1447,1239,2022-06-06,38667.0,62
1448,334,2022-08-20,20874.0,23
1449,1056,2017-04-09,25684.0,96
1450,294,2018-09-15,29209.0,13
1451,993,2021-04-17,11974.0,73
1452,1446,2022-12-16,11623.0,46
1453,1033,2019-02-13,24083.0,10
1454,47,2022-07-05,11102.0,97
1455,1685,2017-07-13,12696.0,66
1456,520,2016-09-23,10879.0,91
1457,181,2021-06-19,14815.0,16
1458,529,2022-10-04,16351.0,18
1459,568,2019-09-16,39066.0,45
1460,756,2022-06-22,17393.0,45
1461,1943,2019-03-25,25736.0,98
1462,1551,2021-02-05,26773.0,46
1463,446,2022-08-04,18192.0,63
1464,21,2019-07-27,30143.0,19
1465,516,2023-09-15,20315.0,34
1466,292,2022-09-05,11759.0,87
1467,1342,2020-12-01,29116.0,41
1468,1130,2020-08-23,37726.0,69
1469,1178,2020-06-04,18544.0,94
1470,415,2019-04-03,27511.0,96
1471,56,2016-12-24,29646.0,83
1472,1020,2018-01-24,12751.0,40
1473,1277,2019-05-16,12787.0,24
1474,9,2019-09-26,33831.0,97
1475,1116,2021-07-02,34420.0,57
1476,175,2020-03-18,17359.0,97
1477,1824,2023-11-09,20213.0,63
1478,1630,2016-07-02,12153.0,79
1479,209,2022-06-17,31507.0,63
1480,1057,2022-05-08,16353.0,48
1481,1568,2023-10-29,27937.0,26
1482,390,2017-12-24,10584.0,73
1483,1711,2016-09-12,17393.0,51
1484,395,2017-10-19,27342.0,86
1485,192,2023-10-04,38259.0,29
1486,210,2023-08-17,12647.0,24
1487,1395,2016-03-24,18731.0,16
1488,1066,2021-08-22,36741.0,46
1489,87,2016-10-03,35680.0,61
1490,1382,2019-03-19,30631.0,17
1491,1827,2018-08-21,26673.0,17
1492,901,2016-11-07,36277.0,91
1493,942,2022-06-13,15234.0,51
1494,1202,2023-06-06,29526.0,90
1495,581,2022-05-09,10520.0,80
1496,853,2022-07-13,29441.0,60
1497,1543,2021-11-06,12206.0,19
1498,133,2019-11-28,38854.0,64
1499,1696,2021-07-16,36555.0,94
1500,398,2019-01-12,15575.0,24
1501,1888,2023-08-29,11501.0,32
1502,508,2018-07-14,20010.0,90
1503,148,2017-05-25,30051.0,62
1504,1954,2022-10-12,34578.0,73
1505,863,2017-04-08,24202.0,89
1506,283,2018-11-25,16111.0,88
1507,354,2021-12-13,26775.0,31
1508,261,2023-12-19,32051.0,27
1509,743,2020-03-26,30040.0,88
1510,1972,2017-09-01,18668.0,57
1511,1163,2020-08-13,20818.0,89
1512,1960,2018-12-15,17695.0,33
1513,1877,2018-06-11,32265.0,23
1514,526,2016-03-13,27873.0,69
1515,627,2017-11-03,25370.0,47
1516,947,2020-03-03,37669.0,78
1517,72,2019-09-20,23360.0,70
1518,1212,2022-09-11,39601.0,61
1519,1020,2020-02-11,21192.0,62
1520,716,2017-05-26,11438.0,35
1521,598,2021-09-04,37427.0,70
1522,1156,2021-11-10,38555.0,34
1523,865,2023-05-03,33337.0,79
1524,309,2017-09-07,10183.0,82
1525,180,2024-01-28,23063.0,67
1526,374,2020-05-07,26591.0,89
1527,713,2018-04-03,31695.0,64
1528,1346,2016-07-08,10914.0,13
1529,1340,2022-01-08,27362.0,33
1530,223,2022-05-03,12660.0,31
1531,1586,2023-11-29,26957.0,82
1532,288,2017-02-15,18028.0,10
1533,294,2017-09-01,39611.0,47
1534,1085,2017-01-12,14449.0,78
1535,902,2016-05-14,32740.0,70
1536,687,2019-04-05,33001.0,87
1537,1871,2020-08-14,28875.0,83
1538,693,2017-02-18,25743.0,56
1539,1257,2016-10-29,23252.0,12
1540,1952,2022-02-10,24617.0,46
1541,1694,2022-04-30,12545.0,41
1542,715,2019-11-03,10376.0,72
1543,64,2016-09-22,18225.0,89
1544,441,2022-10-29,14458.0,69
1545,1012,2020-05-26,12189.0,55
1546,193,2022-05-15,34011.0,21
1547,1180,2020-06-25,28924.0,93
1548,871,2023-12-01,23666.0,29
1549,912,2018-08-28,36326.0,15
1550,823,2016-09-13,13167.0,48
1551,1113,2022-02-05,38938.0,22
1552,297,2022-08-14,10194.0,31
1553,567,2018-02-09,14189.0,96
1554,1413,2017-02-25,37639.0,37
1555,585,2021-11-20,33021.0,69
1556,1305,2018-06-20,31191.0,61
1557,176,2020-05-15,11612.0,73
1558,1272,2022-12-05,13469.0,68
1559,74,2023-04-27,35922.0,18
1560,252,2018-07-15,31298.0,56
1561,1731,2018-05-24,31249.0,52
1562,359,2019-11-15,27961.0,21
1563,1780,2022-02-10,24597.0,95
1564,508,2018-12-11,15286.0,39
1565,1917,2021-10-24,15848.0,27
1566,135,2016-08-15,36457.0,96
1567,24,2016-09-22,29462.0,77
1568,387,2020-01-24,12252.0,75
1569,1589,2017-08-24,19159.0,98
1570,830,2021-01-04,37552.0,71
1571,619,2018-11-03,13265.0,93
1572,311,2017-04-11,35293.0,29
1573,1057,2021-07-05,30845.0,76
1574,1617,2016-06-12,37107.0,84
1575,1231,2018-12-19,35408.0,66
1576,1915,2019-01-25,19914.0,97
1577,339,2023-11-17,18940.0,14
1578,1038,2018-09-12,22956.0,11
1579,1050,2016-08-10,23528.0,96
1580,198,2023-07-25,11509.0,39
1581,427,2020-01-11,36800.0,94
1582,1655,2017-05-22,11134.0,96
1583,1471,2021-11-23,26406.0,25
1584,401,2023-08-15,26860.0,62
1585,188,2023-09-19,35157.0,24
1586,1824,2018-09-29,11025.0,81
1587,791,2016-10-24,26794.0,13
1588,131,2020-07-29,26166.0,61
1589,90,2019-06-28,14736.0,40
1590,720,2021-01-04,30310.0,60
1591,1236,2019-09-19,25347.0,62
1592,600,2022-08-21,26788.0,74
1593,1676,2017-09-26,37555.0,41
1594,733,2020-06-30,26383.0,40
1595,794,2020-10-25,11790.0,25
1596,1193,2023-04-17,36954.0,96
1597,624,2020-11-25,11540.0,68
1598,1322,2020-06-22,11018.0,50
1599,142,2019-01-28,38008.0,13
1600,1060,2023-10-03,29737.0,61
1601,1451,2017-04-30,18483.0,69
1602,1881,2016-06-12,33881.0,67
1603,780,2022-05-27,30609.0,13
1604,852,2021-06-03,26707.0,84
1605,297,2021-08-23,16569.0,42
1606,1174,2018-03-08,11770.0,96
1607,1107,2020-06-26,39608.0,20
1608,722,2022-04-15,26615.0,57
1609,1436,2023-11-21,35463.0,45
1610,1852,2022-04-01,34890.0,97
1611,1939,2022-12-25,15102.0,74
1612,1504,2016-08-16,11830.0,76
1613,264,2017-10-12,16530.0,26
1614,30,2016-05-23,38965.0,62
1615,1675,2022-03-01,26422.0,81
1616,1674,2022-07-12,35426.0,78
1617,1400,2021-02-27,24848.0,40
1618,1537,2020-12-11,21199.0,66
1619,1059,2023-12-30,38946.0,74
1620,22,2018-11-11,35559.0,88
1621,340,2021-11-28,24591.0,96
1622,861,2016-08-04,21099.0,78
1623,1155,2019-03-29,19586.0,55
1624,1070,2022-07-11,16778.0,75
1625,387,2019-11-19,33499.0,34
1626,1406,2020-04-29,13183.0,11
1627,1605,2018-12-20,22001.0,37
1628,1724,2016-05-27,33835.0,58
1629,927,2020-09-09,35066.0,41
1630,1958,2021-09-04,32975.0,30
1631,1943,2019-09-09,19380.0,82
1632,166,2016-08-23,33457.0,97
1633,424,2020-07-06,29112.0,68
1634,1554,2016-12-08,18465.0,87
1635,816,2023-07-04,35298.0,84
1636,196,2019-06-27,26845.0,41
1637,663,2023-09-08,19473.0,44
1638,893,2018-12-04,24462.0,21
1639,1972,2019-09-30,20867.0,10
1640,631,2018-11-28,30022.0,31
1641,1681,2022-11-13,33468.0,32
1642,422,2019-04-16,26327.0,12
1643,1225,2016-08-31,32910.0,31
1644,374,2021-10-12,16817.0,42
1645,21,2018-08-22,12842.0,12
1646,1157,2023-11-05,10899.0,81
1647,697,2017-05-27,39233.0,87
1648,35,2019-03-02,34554.0,91
1649,825,2020-10-12,26973.0,46
1650,1996,2023-03-10,23321.0,19
1651,354,2019-01-17,22449.0,24
1652,1258,2017-11-28,24728.0,66
1653,1922,2018-05-18,30463.0,84
1654,1072,2018-02-04,37535.0,11
1655,1433,2022-02-04,26699.0,24
1656,1673,2018-11-02,20051.0,87
1657,956,2023-08-17,21612.0,37
1658,1399,2020-12-25,35380.0,26
1659,1223,2018-12-18,17169.0,70
1660,337,2016-07-20,30605.0,99
1661,47,2020-04-02,16637.0,19
1662,1458,2020-01-17,30528.0,18
1663,1763,2018-09-22,17275.0,69
1664,1509,2024-01-03,19370.0,78
1665,1986,2023-04-20,15989.0,99
1666,1893,2024-01-17,14219.0,87
1667,227,2016-10-15,20566.0,52
1668,1189,2023-10-27,36354.0,16
1669,1313,2016-08-06,29007.0,95
1670,1923,2016-09-12,35417.0,20
1671,460,2017-08-02,26282.0,69
1672,474,2021-06-16,39011.0,59
1673,4,2022-09-19,38133.0,26
1674,865,2019-12-19,11457.0,75
1675,855,2021-06-28,36123.0,81
1676,1494,2023-08-22,18449.0,97
1677,453,2019-04-02,14237.0,16
1678,1800,2024-01-25,28673.0,94
1679,1685,2018-08-17,30907.0,38
1680,1198,2017-11-26,35055.0,83
1681,307,2016-05-20,37873.0,83
1682,1962,2023-09-03,22040.0,27
1683,1065,2020-08-01,32528.0,20
1684,1969,2016-09-11,21702.0,94
1685,1349,2020-11-16,28635.0,53
1686,417,2020-11-08,31804.0,44
1687,1023,2016-02-19,14952.0,45
1688,1069,2020-01-02,18586.0,58
1689,495,2023-11-06,25374.0,33
1690,2000,2018-12-06,24384.0,30
1691,1304,2018-06-25,14674.0,43
1692,1317,2020-02-16,29330.0,42
1693,93,2021-06-03,24727.0,78
1694,596,2023-10-15,38442.0,74
1695,294,2022-08-01,14312.0,93
1696,863,2016-12-27,30094.0,47
1697,226,2021-12-27,16494.0,27
1698,588,2018-08-10,34692.0,87
1699,217,2019-06-01,26408.0,34
1700,1172,2016-10-05,35066.0,44
1701,1778,2017-10-30,38120.0,52
1702,1675,2020-01-22,26893.0,33
1703,573,2017-07-07,21012.0,28
1704,304,2019-07-19,20914.0,76
1705,1143,2020-12-08,26428.0,66
1706,1750,2018-04-14,30930.0,37
1707,629,2018-11-04,19022.0,29
1708,808,2023-05-04,34731.0,89
1709,761,2018-08-03,27691.0,38
1710,1714,2022-11-26,16262.0,30
1711,473,2023-05-24,38574.0,58
1712,1962,2016-02-22,17414.0,27
1713,310,2022-09-17,12657.0,75
1714,34,2017-02-26,30159.0,38
1715,1213,2018-06-05,15212.0,91
1716,1571,2020-01-08,38285.0,41
1717,540,2017-08-12,37315.0,88
1718,843,2023-12-15,22513.0,90
1719,28,2019-05-13,16252.0,94
1720,1445,2018-12-22,35397.0,60
1721,1812,2021-03-25,12708.0,26
1722,933,2020-05-17,32251.0,63
1723,124,2019-12-25,10093.0,79
1724,416,2017-06-29,18921.0,13
1725,324,2019-12-20,16900.0,40
1726,1362,2019-10-02,39864.0,42
1727,501,2017-01-03,29763.0,59
1728,1050,2020-10-28,21314.0,57
1729,409,2019-08-18,36071.0,78
1730,859,2016-09-09,20937.0,35
1731,1982,2016-03-10,32498.0,36
1732,1834,2017-12-03,34734.0,38
1733,1700,2023-05-11,37571.0,87
1734,1092,2021-04-20,28969.0,34
1735,1593,2024-01-22,17740.0,11
1736,1572,2019-01-18,16150.0,55
1737,557,2017-04-19,25798.0,19
1738,1419,2020-10-11,31754.0,58
1739,526,2019-01-08,35868.0,82
1740,203,2018-03-01,37603.0,54
1741,959,2022-02-07,21487.0,55
1742,603,2022-03-24,32914.0,25
1743,658,2024-01-18,13321.0,63
1744,192,2022-04-24,29770.0,48
1745,1434,2019-11-27,12244.0,46
1746,1797,2022-07-16,35974.0,58
1747,1291,2017-01-18,35050.0,95
1748,1289,2021-06-13,28566.0,29
1749,140,2016-04-25,15043.0,46
1750,646,2023-09-28,24252.0,96
1751,716,2016-11-02,15488.0,91
1752,1386,2024-02-08,10099.0,91
1753,1478,2016-06-13,11798.0,63
1754,1523,2016-08-28,33874.0,18
1755,585,2021-11-21,20499.0,84
1756,791,2021-11-11,12222.0,35
1757,1990,2023-03-05,37547.0,80
1758,966,2016-09-02,37761.0,25
1759,999,2021-11-27,16501.0,17
1760,1415,2017-09-14,15546.0,64
1761,541,2018-01-12,13467.0,65
1762,1173,2020-07-10,32280.0,34
1763,1248,2020-06-01,14041.0,68
1764,1719,2023-10-14,12947.0,98
1765,1458,2017-09-15,17958.0,12
1766,1174,2022-09-26,16441.0,68
1767,801,2018-12-09,24385.0,78
1768,1205,2018-02-14,28380.0,19
1769,1980,2016-07-08,13340.0,47
1770,1596,2019-02-26,18611.0,53
1771,667,2021-09-05,11437.0,74
1772,942,2017-07-03,16710.0,32
1773,430,2019-04-19,35473.0,45
1774,1260,2022-11-07,34112.0,22
1775,840,2022-06-09,14676.0,22
1776,373,2020-03-29,34983.0,22
1777,285,2017-01-09,25569.0,61
1778,198,2022-11-21,39577.0,15
1779,1198,2022-12-14,17812.0,58
1780,1839,2018-01-05,15959.0,66
1781,1351,2023-10-22,17647.0,90
1782,189,2023-10-03,30672.0,66
1783,1644,2017-08-19,23264.0,59
1784,790,2019-09-09,23933.0,38
1785,1037,2022-08-20,16520.0,46
1786,1437,2021-03-21,37888.0,26
1787,1265,2018-12-17,36198.0,61
1788,684,2020-02-05,35883.0,75
1789,667,2022-05-18,19209.0,26
1790,1810,2016-09-23,33350.0,78
1791,1836,2021-03-27,39004.0,25
1792,319,2022-01-05,11915.0,31
1793,285,2017-02-10,38304.0,94
1794,906,2018-06-07,28282.0,27
1795,368,2022-02-01,28450.0,59
1796,1499,2021-08-05,15939.0,84
1797,1879,2022-01-21,19161.0,14
1798,1486,2022-08-07,27689.0,27
1799,1676,2021-09-09,11540.0,18
1800,1338,2017-12-30,24022.0,33
1801,149,2021-08-19,26650.0,33
1802,1697,2021-12-29,17954.0,95
1803,1563,2019-05-10,10805.0,34
1804,1547,2021-11-14,35407.0,46
1805,1506,2017-04-18,12463.0,73
1806,1868,2018-04-08,33948.0,58
1807,1667,2023-08-14,38569.0,40
1808,481,2020-09-30,14345.0,50
1809,1524,2023-12-10,38064.0,19
1810,994,2017-07-24,21578.0,75
1811,1379,2016-04-22,24411.0,88
1812,634,2022-10-18,12459.0,63
1813,1527,2016-04-05,22549.0,69
1814,1768,2016-11-18,13359.0,92
1815,1717,2021-08-11,33693.0,93
1816,1397,2017-02-16,29514.0,52
1817,242,2023-11-21,31506.0,59
1818,639,2018-08-07,24280.0,78
1819,237,2019-07-12,36361.0,17
1820,1691,2021-04-20,11672.0,39
1821,512,2020-05-08,11006.0,70
1822,1131,2017-08-23,39728.0,33
1823,991,2020-01-04,36747.0,46
1824,412,2017-06-05,33522.0,92
1825,333,2019-04-09,11348.0,12
1826,759,2018-05-24,28623.0,22
1827,1639,2016-11-18,29010.0,36
1828,1164,2019-03-11,21027.0,44
1829,365,2019-01-27,24845.0,34
1830,103,2019-12-26,32983.0,72
1831,1245,2023-09-20,12321.0,69
1832,805,2021-12-28,19542.0,100
1833,1479,2017-01-07,12165.0,30
1834,327,2019-09-26,28500.0,77
1835,186,2024-02-04,12541.0,55
1836,258,2018-02-03,29228.0,13
1837,588,2021-05-04,33090.0,81
1838,700,2022-11-20,14426.0,85
1839,1454,2022-09-15,37036.0,37
1840,510,2021-11-18,33664.0,96
1841,230,2016-10-01,14786.0,47
1842,1941,2017-04-05,32459.0,33
1843,329,2023-01-19,31206.0,49
1844,784,2022-03-05,29634.0,72
1845,283,2022-01-04,15380.0,77
1846,702,2016-10-22,22176.0,43
1847,1695,2018-06-24,28161.0,98
1848,276,2023-12-21,21255.0,77
1849,1847,2022-10-24,10380.0,89
1850,497,2020-11-27,31687.0,21
1851,723,2017-08-28,38840.0,22
1852,1603,2024-02-09,13298.0,51
1853,1025,2017-02-02,22082.0,14
1854,1227,2023-10-06,31240.0,74
1855,36,2021-09-18,10693.0,13
1856,646,2016-10-31,14155.0,58
1857,860,2019-11-22,27070.0,48
1858,1769,2021-10-24,12974.0,89
1859,629,2020-12-02,38024.0,39
1860,1853,2018-09-11,36803.0,89
1861,1189,2017-09-19,14034.0,100
1862,1212,2023-07-13,35149.0,27
1863,1216,2016-03-22,17126.0,49
1864,1175,2023-01-01,15042.0,90
1865,1623,2020-04-15,12794.0,39
1866,442,2019-07-14,23464.0,99
1867,1825,2018-08-19,36245.0,34
1868,237,2022-12-19,15246.0,51
1869,128,2017-11-23,27912.0,28
1870,1566,2020-03-06,18694.0,26
1871,1034,2023-07-12,26794.0,53
1872,426,2022-12-09,19093.0,95
1873,1974,2017-01-30,19540.0,71
1874,1733,2019-04-25,10871.0,48
1875,301,2017-12-26,28370.0,26
1876,1360,2016-06-15,38615.0,64
1877,698,2022-04-21,12402.0,34
1878,508,2017-08-22,20344.0,97
1879,1835,2017-07-23,34469.0,50
1880,229,2017-08-24,39109.0,70
1881,219,2023-03-13,11956.0,78
1882,931,2016-07-22,20820.0,23
1883,346,2023-11-16,27059.0,70
1884,1543,2017-07-18,16098.0,30
1885,1707,2020-05-29,28060.0,65
1886,857,2017-08-26,39919.0,77
1887,521,2022-02-20,26934.0,90
1888,751,2023-12-18,35167.0,49
1889,405,2022-12-15,15248.0,35
1890,386,2022-08-21,17998.0,78
1891,68,2017-09-06,23241.0,39
1892,580,2023-05-27,18978.0,11
1893,1928,2022-10-01,31989.0,41
1894,1638,2016-06-08,12628.0,51
1895,1311,2022-07-24,37058.0,100
1896,1965,2021-03-18,13955.0,83
1897,1834,2020-04-11,17178.0,36
1898,794,2018-01-12,30773.0,73
1899,1411,2020-11-09,25960.0,60
1900,1647,2017-03-30,20646.0,99
1901,652,2017-07-03,24415.0,13
1902,84,2017-08-22,12325.0,70
1903,711,2018-11-27,21807.0,12
1904,1734,2021-12-16,37631.0,23
1905,1203,2016-06-20,36644.0,50
1906,1148,2017-04-27,10792.0,11
1907,1774,2022-10-25,21038.0,17
1908,404,2020-05-15,12042.0,85
1909,1809,2017-08-28,20041.0,63
1910,721,2019-10-21,21534.0,76
1911,1659,2023-03-23,16217.0,56
1912,1475,2018-01-21,34441.0,57
1913,1914,2021-12-06,20576.0,40
1914,1900,2017-08-03,28502.0,45
1915,690,2024-01-14,39379.0,39
1916,852,2020-03-07,10704.0,69
1917,733,2017-05-13,31680.0,45
1918,1697,2018-11-15,26432.0,72
1919,688,2022-02-07,15252.0,46
1920,460,2017-02-06,13319.0,73
1921,1278,2019-12-09,28350.0,15
1922,404,2021-06-06,19517.0,10
1923,37,2018-04-11,32355.0,96
1924,84,2016-05-05,33060.0,19
1925,29,2017-04-02,28980.0,15
1926,581,2018-07-28,25524.0,19
1927,457,2020-04-27,33653.0,42
1928,1825,2021-01-10,24323.0,29
1929,1229,2017-04-16,22493.0,66
1930,1018,2019-01-10,32463.0,17
1931,1868,2021-04-22,13437.0,80
1932,611,2022-01-23,33443.0,99
1933,1580,2020-03-05,11156.0,84
1934,814,2020-12-04,31520.0,81
1935,1040,2021-03-28,12292.0,33
1936,1880,2021-12-06,36329.0,72
1937,1959,2023-07-27,25646.0,65
1938,846,2023-11-23,26083.0,75
1939,972,2021-09-07,12637.0,11
1940,1237,2022-08-22,11092.0,28
1941,1630,2023-03-04,23439.0,26
1942,400,2018-10-10,13030.0,48
1943,1368,2020-03-04,34266.0,97
1944,90,2017-01-26,18087.0,55
1945,406,2020-01-22,26905.0,54
1946,769,2018-06-25,30948.0,23
1947,848,2021-01-12,15656.0,97
1948,1986,2021-12-31,32403.0,19
1949,1597,2022-10-31,39420.0,81
1950,1541,2021-04-14,13556.0,78
1951,285,2017-06-09,32493.0,80
1952,1393,2021-11-07,32788.0,85
1953,1532,2020-05-02,22490.0,96
1954,1213,2019-02-20,30093.0,65
1955,234,2020-09-28,27291.0,28
1956,392,2016-02-13,12099.0,92
1957,1992,2023-04-25,19455.0,48
1958,276,2017-05-03,30222.0,98
1959,652,2018-12-07,15657.0,45
1960,163,2021-04-25,17385.0,66
1961,469,2016-06-27,14757.0,40
1962,123,2020-11-18,25956.0,56
1963,1381,2017-05-06,37572.0,51
1964,1588,2017-09-11,25297.0,15
1965,1718,2018-04-26,37148.0,14
1966,1326,2021-10-27,37140.0,25
1967,1553,2019-12-09,12721.0,12
1968,1303,2019-11-27,34707.0,61
1969,1535,2016-08-03,15125.0,11
1970,686,2016-05-09,38886.0,20
1971,1903,2017-09-01,28764.0,66
1972,235,2023-12-07,10671.0,59
1973,1571,2022-04-08,18760.0,100
1974,1828,2020-10-26,35102.0,16
1975,1918,2023-04-23,29930.0,98
1976,1085,2019-06-06,39712.0,32
1977,1858,2016-06-14,16146.0,95
1978,741,2016-05-16,30698.0,63
1979,1615,2023-06-08,36856.0,31
1980,1004,2016-03-18,15226.0,15
1981,515,2020-12-26,12402.0,21
1982,1161,2021-01-26,27779.0,44
1983,278,2022-07-14,29069.0,37
1984,1748,2016-12-12,37138.0,24
1985,1874,2019-07-13,28236.0,60
1986,403,2020-01-29,31288.0,68
1987,1388,2020-05-17,10166.0,59
1988,1296,2016-08-15,16535.0,79
1989,629,2019-03-31,11743.0,27
1990,279,2023-01-07,15186.0,64
1991,1990,2017-04-23,33334.0,93
1992,1047,2020-04-14,32471.0,78
1993,1527,2017-03-23,25191.0,45
1994,799,2023-08-30,23442.0,29
1995,1828,2023-10-09,33509.0,36
1996,58,2021-03-05,28112.0,99
1997,1723,2023-07-10,34421.0,43
1998,1108,2021-08-21,22380.0,38
1999,1314,2021-01-20,17600.0,46
2000,1709,2021-08-01,25233.0,92
