OwnershipID,CarID,OwnerID,PurchaseDate,SaleDate,SalePrice
1,876,1405,2022-03-14,2022-04-12,46816.0
2,22,317,2022-02-27,2023-11-30,11638.0
3,1370,1504,2020-01-12,2020-06-15,37174.0
5,1434,258,2021-05-27,2023-06-20,42605.0
6,1199,1435,2020-03-19,2022-10-03,34328.0
7,1218,1402,2020-01-21,2021-01-09,11575.0
8,221,2879,2021-02-24,2023-06-22,46465.0
9,1398,2549,2021-10-10,2023-01-20,29921.0
10,917,543,2023-06-01,2023-10-18,43069.0
12,633,2756,2022-10-03,2023-03-20,34375.0
14,50,1995,2021-08-14,2021-12-01,48258.0
16,1704,1287,2023-10-12,2023-12-18,14599.0
17,403,521,2020-08-25,2021-02-01,37928.0
18,847,163,2020-01-20,2022-03-28,33248.0
19,1503,2015,2021-03-06,2021-03-11,35443.0
21,1290,1982,2020-09-09,2023-05-24,47996.0
22,5,124,2023-05-25,2023-08-02,21732.0
23,570,1725,2022-11-28,2023-04-15,35841.0
24,476,1589,2023-04-19,2023-10-24,14921.0
25,1440,278,2021-12-20,2022-04-28,31448.0
26,1334,1114,2022-05-03,2023-07-23,44850.0
27,35,1623,2020-06-08,2021-10-19,41788.0
28,1455,1535,2022-11-20,2023-06-19,23254.0
29,740,1544,2023-06-01,2023-12-24,32118.0
30,1195,2923,2021-04-15,2021-11-23,10570.0
36,1383,2556,2022-06-15,2023-07-12,13346.0
37,1633,226,2023-05-17,2023-06-09,38296.0
40,167,2344,2023-09-08,2023-12-29,31303.0
41,61,161,2022-07-15,2023-04-14,43734.0
45,1660,145,2020-09-03,2023-08-02,15891.0
47,1502,2246,2023-04-11,2023-11-11,5057.0
48,1289,2128,2021-01-14,2021-10-10,27271.0
49,1357,22,2023-05-03,2023-07-15,39348.0
51,1321,1481,2023-10-12,2023-10-28,25735.0
52,1656,2272,2021-08-25,2021-09-22,9238.0
53,1715,1655,2022-05-31,2023-10-15,12193.0
54,1127,2987,2021-01-15,2021-04-11,38163.0
55,947,761,2023-12-23,2023-12-25,49729.0
57,1802,1892,2020-10-03,2022-07-25,41566.0
58,57,1912,2021-02-17,2022-12-04,22312.0
60,1581,1896,2022-12-17,2023-11-24,44080.0
61,1196,339,2023-06-13,2023-09-28,10071.0
62,314,2719,2020-11-03,2022-05-15,24777.0
63,1494,2326,2021-10-11,2023-09-07,6557.0
64,90,1770,2020-01-02,2023-07-21,21803.0
65,251,1522,2022-12-27,2023-01-09,23682.0
66,1259,420,2021-12-17,2022-01-02,7698.0
68,1012,1709,2021-05-05,2023-12-05,29324.0
69,1222,2575,2021-11-16,2023-08-10,5733.0
72,225,510,2020-08-31,2021-03-07,27797.0
74,52,471,2023-09-20,2023-11-30,34921.0
75,1576,339,2022-07-02,2023-07-24,45831.0
76,1577,2683,2022-11-25,2022-12-07,32581.0
77,1931,784,2023-04-28,2023-10-11,21419.0
78,647,526,2020-05-09,2021-08-05,19317.0
79,1205,204,2020-12-09,2023-04-07,35865.0
80,1113,2008,2023-06-20,2023-08-17,9549.0
81,269,2712,2020-07-03,2021-11-20,35833.0
82,672,1958,2021-11-10,2023-05-19,11893.0
83,367,1999,2021-08-06,2022-03-28,33865.0
84,712,554,2020-09-29,2023-01-03,44939.0
85,91,2824,2022-12-04,2023-02-01,12709.0
86,571,1423,2022-04-30,2023-06-21,48031.0
88,1197,1693,2022-08-21,2022-11-03,17944.0
91,1651,1203,2022-09-09,2023-09-22,46787.0
93,1785,67,2020-08-12,2023-07-06,43087.0
94,1573,1262,2022-07-26,2023-06-23,37376.0
95,1751,1947,2021-12-20,2023-11-23,5365.0
96,758,2979,2021-02-04,2023-09-19,41245.0
97,1782,2495,2023-02-11,2023-03-19,34151.0
98,492,1594,2021-03-21,2023-01-06,13712.0
99,1593,1579,2022-01-30,2023-12-13,47054.0
100,362,1046,2020-02-05,2022-12-01,43109.0
101,580,691,2021-09-16,2022-01-19,30200.0
102,276,2367,2021-01-31,2023-10-22,38211.0
103,933,1691,2023-01-22,2023-04-13,22240.0
104,1908,949,2023-06-20,2023-06-21,42239.0
105,1727,330,2021-12-09,2022-04-22,37710.0
106,1850,1755,2022-12-03,2023-10-24,19372.0
109,965,1631,2020-01-20,2022-08-11,16196.0
110,240,1155,2022-07-08,2023-07-24,19421.0
111,110,1281,2022-03-01,2023-08-15,18625.0
112,1004,318,2020-08-10,2023-09-25,32677.0
113,260,138,2022-01-21,2023-03-11,32472.0
115,607,946,2021-11-14,2023-10-10,19047.0
116,1493,1583,2020-08-21,2023-12-26,23874.0
118,591,2273,2021-05-10,2023-01-20,6047.0
119,1680,2926,2022-10-06,2023-10-25,27975.0
120,545,629,2020-11-27,2021-09-08,15140.0
121,488,1173,2023-07-16,2023-09-20,40153.0
123,48,2014,2023-02-26,2023-09-25,39040.0
124,1549,1451,2022-11-28,2023-10-29,44244.0
125,1636,1742,2022-08-26,2023-12-08,47777.0
126,1329,1365,2020-07-09,2022-01-21,44439.0
127,952,557,2020-04-22,2023-03-31,32756.0
128,1246,31,2020-05-20,2023-06-15,48285.0
129,1882,804,2020-10-23,2023-10-27,49451.0
130,1910,1783,2022-12-01,2023-02-04,14784.0
132,569,2142,2022-08-03,2022-09-03,40648.0
133,1601,476,2022-12-29,2023-08-20,32198.0
134,1855,1915,2022-03-31,2023-10-20,35536.0
136,210,1672,2022-02-24,2023-02-22,7404.0
138,1396,677,2020-03-30,2020-07-05,42531.0
140,1427,2647,2021-03-10,2023-08-02,34561.0
141,1881,371,2021-11-21,2022-07-31,18211.0
144,1741,2816,2020-12-06,2021-06-21,40406.0
146,1887,311,2022-10-11,2023-10-07,34793.0
147,1319,1930,2020-02-25,2023-06-05,38330.0
148,100,441,2022-01-22,2022-12-07,48578.0
149,970,2850,2020-06-18,2020-07-18,23457.0
150,1551,1074,2021-09-24,2022-04-09,14824.0
152,204,1865,2021-04-28,2021-08-01,40383.0
153,36,1186,2023-06-09,2023-11-04,36628.0
154,1673,2616,2020-04-07,2020-09-05,41406.0
156,480,2861,2020-04-02,2021-10-10,10067.0
157,308,794,2022-05-06,2022-10-19,12369.0
158,766,2331,2020-05-01,2023-12-03,33097.0
159,34,2879,2020-04-11,2020-05-26,41447.0
161,521,1339,2021-05-30,2021-08-10,39739.0
164,1361,274,2020-10-05,2020-12-29,49004.0
165,67,1020,2021-02-03,2021-03-26,27583.0
166,1393,1663,2023-07-07,2023-07-19,39000.0
167,1241,2680,2021-11-13,2022-11-23,7971.0
169,796,114,2023-10-22,2023-11-24,30997.0
170,1639,2093,2022-10-01,2023-03-27,22759.0
171,1668,401,2021-08-11,2023-01-24,20576.0
172,1959,878,2020-05-06,2022-02-21,34572.0
173,1644,2026,2021-12-10,2022-10-12,39934.0
174,1631,715,2021-09-10,2022-11-06,6609.0
175,386,2244,2021-06-13,2022-09-30,11156.0
178,555,1099,2021-02-01,2023-11-26,43134.0
179,1329,1697,2022-04-08,2023-02-05,48489.0
181,1653,2089,2023-01-02,2023-11-09,45267.0
183,298,2624,2022-12-02,2022-12-22,18124.0
184,452,1810,2021-04-12,2022-11-20,44988.0
185,1210,2784,2022-09-20,2022-11-19,13660.0
186,1023,775,2023-08-04,2023-10-20,33117.0
187,403,1096,2022-08-20,2022-11-09,24475.0
188,1120,2231,2021-01-28,2022-10-06,38800.0
189,524,2349,2022-02-21,2022-10-02,26534.0
191,1564,2798,2023-10-21,2023-10-23,26897.0
192,58,2640,2020-10-26,2022-05-28,19908.0
196,458,2557,2022-03-15,2022-11-19,29321.0
197,1466,2647,2022-02-05,2023-02-23,39221.0
198,1436,1662,2022-11-01,2023-07-08,5245.0
199,1320,992,2022-02-07,2023-09-18,26263.0
200,1675,886,2023-06-27,2023-12-01,27955.0
201,1109,2821,2023-10-12,2023-12-20,28005.0
202,1465,1574,2022-06-24,2023-11-29,33821.0
203,1671,1445,2021-11-21,2022-05-08,28646.0
204,1832,339,2023-01-20,2023-03-03,6590.0
205,1020,1010,2021-09-29,2023-06-03,40512.0
206,243,824,2022-04-02,2023-05-20,28196.0
207,261,1222,2020-06-15,2021-05-02,34951.0
208,1200,2991,2022-06-11,2022-07-16,36676.0
210,1524,250,2022-03-08,2022-11-11,47849.0
211,679,166,2022-06-18,2023-06-23,17641.0
213,138,2091,2021-04-09,2022-12-11,19066.0
214,778,2147,2021-04-09,2023-12-24,25944.0
215,1256,2371,2022-08-26,2023-02-03,17976.0
216,209,1937,2021-10-26,2022-02-15,21115.0
218,41,401,2021-02-08,2022-05-23,42753.0
219,775,2114,2021-12-20,2022-03-09,31290.0
220,1724,2344,2023-08-27,2023-10-06,19970.0
221,877,1869,2021-08-05,2023-10-04,46276.0
222,546,1629,2021-10-25,2023-07-09,38484.0
223,1581,3000,2020-09-28,2020-12-14,8565.0
224,1848,2272,2021-11-13,2022-06-12,37736.0
225,1525,787,2023-04-29,2023-08-04,13580.0
226,263,629,2023-12-15,2023-12-17,34222.0
227,1985,2598,2020-06-05,2023-08-01,26887.0
229,932,1036,2022-10-18,2023-06-06,18472.0
230,99,1815,2023-12-19,2023-12-25,19756.0
232,36,2603,2020-05-12,2022-09-28,10982.0
235,1179,1333,2021-10-17,2023-04-13,16686.0
236,710,748,2020-02-12,2021-12-16,44360.0
238,1726,614,2023-08-15,2023-10-15,40380.0
240,1932,930,2021-08-24,2022-12-31,27505.0
241,462,2905,2022-07-06,2023-09-26,25794.0
243,1765,1452,2020-07-18,2023-10-17,24556.0
244,1756,1414,2023-03-18,2023-04-27,19695.0
245,1216,942,2021-06-04,2023-06-15,8052.0
246,635,2696,2021-08-10,2021-12-14,45012.0
249,1380,1882,2023-04-25,2023-11-12,11185.0
250,1952,659,2020-11-09,2023-11-09,44869.0
251,1526,2084,2020-09-09,2022-06-13,36965.0
255,1357,2388,2020-12-25,2023-12-12,18468.0
256,222,729,2023-01-10,2023-12-01,14169.0
257,1142,1452,2022-12-14,2023-03-15,23115.0
258,1987,2631,2021-09-17,2023-04-21,10760.0
259,1057,1175,2021-10-29,2023-02-03,21842.0
261,1680,1754,2023-02-09,2023-10-04,16720.0
262,1609,1385,2020-02-27,2021-04-04,34520.0
263,35,1673,2022-10-19,2023-03-25,6561.0
264,1212,1861,2022-07-15,2022-09-30,36019.0
265,1877,2940,2022-05-21,2023-06-19,48004.0
267,1538,1632,2021-09-07,2023-08-28,10805.0
269,1440,1946,2023-08-09,2023-09-14,38260.0
271,1884,928,2020-04-05,2021-05-11,27670.0
273,1258,1235,2020-04-02,2023-10-12,19032.0
274,1008,2204,2023-09-10,2023-10-03,18337.0
276,2,525,2023-03-08,2023-06-28,20503.0
277,194,2726,2020-03-17,2023-02-28,41748.0
278,446,1101,2020-07-30,2020-08-29,37654.0
280,1939,1678,2021-01-02,2023-04-14,48666.0
281,1500,1526,2021-11-18,2023-04-30,9188.0
282,1429,1167,2020-10-26,2022-12-22,13643.0
284,522,1497,2023-07-19,2023-08-22,42099.0
285,256,1959,2023-10-31,2023-12-11,19616.0
287,1170,912,2020-08-21,2021-05-29,48671.0
288,129,783,2020-04-12,2023-12-16,20136.0
289,1652,33,2022-09-19,2023-09-11,14912.0
291,1500,552,2020-09-26,2021-10-13,27255.0
292,288,309,2022-09-20,2023-05-22,33662.0
293,1422,2380,2020-03-27,2022-09-26,16423.0
295,173,1687,2023-05-01,2023-08-31,43255.0
296,178,2053,2023-03-01,2023-10-31,42680.0
297,833,956,2020-02-18,2022-02-11,16398.0
299,477,1166,2021-05-06,2022-02-27,48524.0
300,79,2298,2020-12-04,2021-05-06,9516.0
302,1613,1330,2023-05-01,2023-10-03,40072.0
303,136,1631,2022-01-19,2023-04-22,37621.0
304,1841,2193,2023-10-03,2023-12-24,12461.0
305,1357,88,2020-02-09,2020-11-15,34934.0
306,1261,904,2020-08-17,2021-09-18,13277.0
308,1634,1594,2021-07-08,2021-07-08,49325.0
309,998,340,2022-08-28,2023-05-10,11165.0
311,1472,1166,2020-07-01,2023-04-01,25696.0
312,1939,2591,2022-01-21,2023-02-05,48224.0
313,1209,1331,2021-06-28,2022-10-08,29829.0
314,1628,1036,2021-11-29,2022-02-28,12665.0
315,1693,34,2020-12-01,2023-11-21,41808.0
316,209,2909,2022-11-03,2023-09-28,34314.0
317,468,2810,2021-01-30,2022-01-30,5899.0
318,971,2200,2023-01-31,2023-08-06,34547.0
319,1308,1518,2022-08-13,2024-01-01,20741.0
321,1394,1883,2021-08-30,2022-12-27,39989.0
323,88,2181,2022-02-19,2023-03-20,41983.0
325,334,1816,2020-08-14,2021-07-24,19180.0
326,1277,2192,2023-09-05,2023-09-07,24657.0
328,258,1934,2020-03-04,2020-08-12,11597.0
330,101,2230,2020-10-15,2022-09-02,19767.0
331,852,169,2023-10-09,2023-12-07,48993.0
332,577,2925,2022-10-31,2023-07-27,30634.0
333,1521,1125,2020-09-04,2021-01-29,42217.0
334,1473,2800,2021-10-26,2022-03-03,5361.0
336,1489,1176,2020-08-23,2022-07-11,25181.0
339,239,202,2020-06-13,2023-11-30,41239.0
340,842,156,2022-10-07,2023-09-24,13887.0
342,439,1181,2021-10-03,2022-10-10,48987.0
343,1056,2488,2020-06-17,2022-12-20,29485.0
345,1660,2791,2022-07-13,2023-07-22,11339.0
346,1508,338,2022-08-01,2023-06-15,34338.0
348,488,1279,2020-07-01,2023-06-20,30456.0
350,1014,1442,2023-03-22,2023-11-10,32635.0
351,118,180,2020-09-14,2021-03-05,13531.0
353,306,1476,2021-01-13,2022-11-08,20265.0
354,59,2888,2021-05-20,2021-12-14,43677.0
355,555,599,2021-05-23,2023-08-20,48168.0
356,308,1454,2022-06-07,2023-02-09,10297.0
357,1667,122,2021-05-11,2022-10-14,43931.0
359,1510,1120,2022-04-01,2023-09-12,24623.0
364,1775,2344,2022-01-20,2022-05-31,35456.0
365,1716,1200,2020-05-25,2020-07-18,11408.0
366,591,2520,2021-03-28,2021-09-13,7677.0
367,1707,876,2022-10-12,2023-12-15,36955.0
369,538,1218,2023-03-05,2023-08-17,30049.0
370,71,631,2022-02-24,2023-08-06,11001.0
371,405,2796,2020-12-11,2023-11-25,22003.0
372,1186,1875,2022-11-05,2023-05-27,9157.0
374,1300,180,2022-03-29,2022-11-17,21668.0
378,557,2294,2021-06-19,2022-05-11,36757.0
379,125,2441,2022-05-07,2023-11-27,19901.0
382,428,1869,2022-09-02,2022-11-13,41068.0
384,813,776,2020-06-17,2023-05-02,11564.0
385,452,975,2023-04-08,2023-05-12,13822.0
386,1619,57,2022-10-06,2023-11-02,7709.0
388,1498,1402,2023-04-02,2023-07-20,42749.0
389,1308,1184,2023-05-16,2023-09-23,32890.0
391,562,2603,2023-01-20,2023-05-24,29141.0
393,284,1274,2022-02-14,2022-12-23,22902.0
395,960,190,2023-03-02,2023-03-21,40780.0
396,1066,2573,2021-12-11,2022-06-05,35510.0
397,619,2535,2022-12-16,2023-12-10,31226.0
398,1297,765,2022-11-11,2023-01-18,16502.0
399,61,2242,2021-04-30,2023-10-27,21826.0
400,64,466,2023-06-19,2023-11-04,7707.0
401,1318,1346,2023-07-29,2023-11-23,9263.0
403,798,1044,2021-05-31,2022-02-25,17248.0
404,781,816,2023-05-28,2023-08-31,48057.0
406,806,1095,2020-08-29,2023-05-25,43806.0
409,790,2107,2023-09-28,2023-10-16,47387.0
410,1903,287,2021-12-30,2023-09-19,46805.0
412,968,1200,2021-09-06,2022-09-02,14859.0
413,923,2236,2020-02-09,2020-11-30,12589.0
414,1233,2177,2021-06-28,2022-07-07,11517.0
416,50,2029,2022-07-08,2023-04-21,26603.0
418,1194,898,2021-08-10,2022-03-04,46208.0
419,857,2656,2022-03-07,2023-03-20,36429.0
420,1738,2021,2021-05-29,2022-01-02,6356.0
421,820,668,2020-03-26,2020-06-27,14681.0
423,809,239,2020-09-11,2023-04-24,29948.0
424,51,695,2021-01-06,2022-03-09,27853.0
425,626,1193,2020-12-28,2023-03-07,29751.0
426,985,482,2023-01-08,2023-04-10,33227.0
427,33,101,2022-02-26,2022-09-29,13867.0
428,709,229,2020-12-19,2021-04-21,13091.0
430,1370,1842,2020-03-02,2020-03-16,31868.0
431,1470,2133,2023-08-21,2023-10-30,19423.0
432,1877,2052,2023-10-09,2023-12-22,37048.0
433,1347,1466,2020-05-18,2023-02-22,20382.0
434,1393,1113,2023-03-04,2023-07-16,32089.0
435,902,2284,2021-09-23,2023-07-01,14185.0
436,1380,1787,2020-07-22,2022-01-14,6455.0
437,749,2709,2023-06-26,2023-08-21,23745.0
438,1338,2656,2021-08-28,2021-08-28,45366.0
439,1450,2950,2021-09-21,2022-12-27,13850.0
441,1491,1844,2022-08-10,2022-08-11,18573.0
442,1152,1449,2022-01-04,2023-09-26,29473.0
443,1605,150,2023-04-08,2023-06-16,47951.0
444,1450,1174,2023-05-10,2023-12-18,37154.0
445,690,330,2020-08-14,2022-10-10,43377.0
446,933,559,2022-04-17,2022-08-27,48346.0
447,1582,2064,2020-12-31,2021-09-15,9060.0
448,395,279,2023-06-07,2023-12-06,48336.0
449,354,292,2021-07-27,2022-11-17,17059.0
450,1575,2991,2022-01-14,2022-10-07,14385.0
451,1075,340,2020-01-28,2022-05-30,19720.0
452,256,2751,2020-03-18,2023-08-09,5367.0
454,262,627,2023-04-01,2023-12-07,13382.0
455,384,888,2021-03-29,2022-03-09,30793.0
456,1246,167,2020-03-01,2023-08-20,31888.0
457,669,1338,2020-02-14,2020-07-15,23557.0
458,1784,2421,2020-07-20,2023-05-20,36078.0
460,1316,2924,2021-08-08,2021-08-08,30541.0
461,1059,1199,2020-01-16,2021-04-17,45405.0
462,801,2744,2020-07-23,2020-12-12,25551.0
463,1990,481,2020-02-19,2020-05-02,48975.0
464,529,645,2022-06-09,2022-06-26,38422.0
465,1305,1507,2023-01-10,2023-08-22,46865.0
466,627,982,2020-05-19,2021-11-25,6977.0
468,386,2074,2023-11-27,2023-12-22,34127.0
469,1218,1002,2021-02-20,2021-11-21,20806.0
470,1820,747,2020-02-19,2022-07-29,16837.0
472,1901,2387,2021-12-27,2023-12-16,33986.0
473,1215,341,2021-08-10,2022-01-14,9347.0
474,1457,2650,2020-07-30,2022-12-11,48412.0
475,1147,287,2022-04-16,2022-05-25,47286.0
476,441,1635,2022-07-08,2023-12-27,48957.0
477,1123,1478,2020-05-03,2020-10-16,35048.0
478,168,2522,2021-04-25,2021-06-08,41062.0
479,1489,1359,2022-11-13,2023-10-04,29383.0
480,1222,1740,2020-04-06,2023-11-02,31713.0
481,470,1912,2020-05-17,2021-12-28,7011.0
483,1734,2456,2023-05-19,2023-06-07,34696.0
484,1398,495,2023-01-17,2023-06-24,34988.0
485,236,2767,2022-04-10,2022-05-15,40758.0
486,155,593,2021-05-05,2022-02-17,34822.0
487,457,2181,2023-06-03,2023-06-27,6798.0
489,1659,821,2023-03-30,2023-05-25,13978.0
491,1524,892,2022-09-22,2023-03-04,36699.0
492,400,2784,2020-07-27,2020-10-22,41006.0
493,428,322,2021-03-11,2023-05-23,15557.0
494,958,473,2022-05-18,2022-12-01,35128.0
495,1097,1258,2020-02-04,2023-12-17,25708.0
496,1773,603,2021-06-24,2023-03-18,40643.0
500,369,73,2021-09-12,2021-12-16,7610.0
501,351,2021,2021-08-21,2022-08-09,34592.0
502,1319,519,2021-02-06,2022-12-02,10574.0
506,1174,1910,2021-11-23,2022-03-20,35598.0
512,1224,1558,2022-11-30,2023-09-11,18693.0
513,1127,1071,2021-01-10,2021-08-25,33580.0
515,1254,2224,2020-01-10,2020-06-27,27242.0
520,1232,1298,2020-08-05,2022-06-26,37565.0
521,251,1765,2022-10-22,2023-08-12,8193.0
522,980,636,2022-04-07,2023-11-03,42620.0
524,1077,955,2021-08-06,2022-04-03,49416.0
525,371,321,2020-11-05,2021-06-27,32990.0
526,1410,2715,2022-12-26,2023-04-26,12971.0
528,887,959,2020-02-14,2023-06-04,17969.0
530,1244,1729,2021-03-09,2022-12-08,9180.0
531,502,724,2020-12-18,2021-04-12,14132.0
532,1079,1295,2020-02-11,2023-03-26,18164.0
533,1377,2497,2022-07-09,2023-02-01,23538.0
534,427,1181,2020-04-06,2021-09-20,19653.0
538,1252,2205,2021-07-09,2021-10-12,37004.0
540,672,147,2021-04-18,2023-11-03,48555.0
542,805,2645,2022-10-23,2023-04-08,37441.0
544,760,583,2021-10-31,2021-11-27,23711.0
546,767,658,2022-02-01,2023-09-22,37981.0
547,152,2655,2020-04-04,2021-09-03,43164.0
548,1238,2143,2020-09-23,2021-05-13,15355.0
551,297,1541,2023-11-13,2023-11-20,12382.0
554,16,1548,2022-12-12,2023-09-17,27700.0
555,1246,2583,2021-03-10,2022-10-18,6130.0
556,1928,393,2022-03-10,2022-05-16,26165.0
557,358,2313,2020-10-07,2021-08-12,30938.0
558,1670,2846,2021-11-26,2023-10-02,47733.0
559,952,81,2022-12-06,2023-11-05,45197.0
560,529,1937,2020-11-30,2021-03-01,39504.0
561,549,2151,2023-06-30,2023-08-21,38122.0
562,722,2505,2020-10-03,2022-03-04,43515.0
563,1050,294,2022-06-30,2023-09-22,9024.0
565,1312,1521,2021-03-23,2023-04-17,28443.0
566,466,238,2020-04-28,2021-03-09,8003.0
567,794,1925,2020-09-22,2020-09-24,41600.0
568,1704,1246,2022-06-19,2022-11-29,44244.0
569,1253,1221,2023-12-13,2023-12-23,34139.0
570,1596,523,2021-03-29,2023-10-11,34713.0
571,69,611,2020-12-22,2020-12-23,40086.0
572,328,1214,2022-07-06,2022-07-19,6955.0
573,1164,1612,2022-12-12,2023-05-08,40206.0
574,333,150,2020-12-09,2022-09-25,12316.0
575,137,2539,2022-06-14,2023-05-19,19883.0
576,1989,2178,2022-09-01,2023-01-01,49551.0
578,1843,1395,2020-06-29,2020-10-03,28343.0
579,1791,663,2022-09-16,2022-12-01,11436.0
581,1625,7,2023-05-18,2023-12-13,36252.0
583,1117,2351,2022-04-03,2023-10-29,27560.0
584,1428,2483,2021-06-13,2022-05-18,13686.0
585,425,1088,2023-01-07,2023-10-28,14390.0
586,1747,2238,2022-02-05,2022-09-01,5100.0
589,1403,808,2022-06-12,2023-12-27,48670.0
591,1568,2888,2023-11-25,2023-11-29,46625.0
592,565,442,2020-06-22,2020-08-24,18517.0
593,816,31,2021-10-20,2023-10-17,28454.0
594,801,330,2020-08-12,2022-08-10,12638.0
596,781,950,2021-06-30,2021-08-11,48833.0
597,1591,1758,2023-05-27,2023-07-27,19375.0
599,761,671,2022-11-14,2023-09-12,6265.0
600,1660,264,2022-06-12,2023-11-08,22670.0
603,742,2638,2023-12-02,2023-12-07,31365.0
604,830,2723,2022-11-15,2023-04-22,16028.0
605,1024,175,2021-12-12,2022-03-22,24274.0
608,1386,410,2022-07-17,2023-10-11,16988.0
610,1452,35,2021-10-21,2021-12-02,18112.0
611,1548,1866,2022-10-08,2023-04-05,14402.0
612,767,1604,2020-08-09,2023-01-27,48619.0
615,1364,383,2020-08-21,2023-12-19,42023.0
616,299,2303,2023-06-27,2023-09-20,40380.0
618,1484,2557,2020-09-05,2023-02-19,16985.0
619,155,2320,2021-01-07,2023-03-04,11190.0
621,76,318,2022-07-29,2023-06-03,22119.0
622,141,860,2020-10-28,2022-01-03,22241.0
623,1582,1822,2023-01-14,2023-10-08,5966.0
624,1524,1560,2021-12-27,2023-05-08,16851.0
625,1780,260,2023-03-04,2024-01-01,30724.0
626,1172,2195,2020-05-22,2021-11-13,45933.0
627,206,1890,2022-05-30,2023-02-06,24493.0
628,426,2200,2022-07-17,2023-02-27,22194.0
629,71,1762,2021-12-26,2023-12-24,43124.0
634,1926,70,2020-07-03,2021-12-18,18890.0
636,1267,1006,2020-10-31,2023-06-20,18662.0
637,753,2032,2022-01-19,2023-02-02,42680.0
639,1465,51,2023-05-13,2023-08-30,38480.0
640,146,2478,2021-12-03,2023-06-12,39552.0
642,1071,2685,2022-11-08,2023-12-14,12241.0
644,1271,1083,2021-08-23,2022-12-07,5996.0
645,1640,2944,2020-11-22,2022-01-18,21499.0
646,371,1354,2020-01-17,2021-08-05,20070.0
647,728,1829,2021-11-21,2022-02-09,29709.0
648,888,746,2022-12-05,2023-05-18,39122.0
651,391,2355,2021-07-02,2023-12-03,30318.0
652,355,1714,2023-03-27,2023-09-22,44176.0
653,1558,2649,2021-11-11,2022-09-14,5244.0
655,922,1934,2022-06-01,2023-03-03,38386.0
656,814,542,2021-08-08,2022-01-14,35947.0
657,1553,267,2022-01-01,2023-01-15,28479.0
658,1101,1477,2022-06-18,2022-06-22,16441.0
659,1036,1353,2020-05-27,2022-09-20,12253.0
660,673,1019,2020-07-22,2023-08-04,37676.0
661,902,124,2022-09-12,2023-12-31,34117.0
662,1825,399,2023-08-23,2023-11-10,49587.0
665,344,2600,2020-04-24,2020-07-06,36581.0
666,859,2257,2023-06-05,2023-07-15,24216.0
667,872,1558,2020-04-20,2023-10-12,13321.0
668,157,1737,2022-10-10,2022-12-12,19622.0
670,786,2071,2021-05-25,2022-11-26,23122.0
671,193,771,2020-11-04,2023-03-21,19305.0
674,999,1781,2023-06-05,2023-10-21,10738.0
675,1890,1336,2020-04-08,2023-07-16,16955.0
676,1992,672,2020-02-14,2022-03-25,35566.0
677,1126,948,2023-05-16,2023-12-18,41824.0
679,371,1938,2023-03-28,2023-05-19,47091.0
680,419,1254,2022-05-23,2022-07-23,38094.0
681,797,630,2021-02-14,2021-02-26,12380.0
684,708,1916,2022-11-02,2023-08-09,12790.0
685,166,1804,2020-08-24,2020-09-19,30798.0
686,865,1652,2020-04-14,2020-10-13,45500.0
687,261,2434,2022-12-04,2023-12-22,28264.0
688,778,430,2023-09-07,2023-11-19,13369.0
690,513,643,2021-04-25,2023-04-23,23412.0
691,1105,1971,2022-10-25,2023-04-07,41906.0
692,236,2187,2022-08-30,2023-05-15,27832.0
693,1379,1040,2020-09-08,2023-05-20,24696.0
694,869,2538,2021-02-24,2023-11-05,18624.0
695,285,1207,2022-12-18,2023-12-16,29100.0
698,1741,2094,2021-03-06,2023-10-16,16348.0
699,123,2941,2022-05-21,2023-06-03,43401.0
700,1585,2239,2022-10-09,2023-04-27,9063.0
701,1212,2328,2021-04-09,2023-12-29,21424.0
702,1982,2144,2022-02-06,2023-08-11,37298.0
704,1989,1762,2020-11-19,2021-12-14,19412.0
705,532,150,2022-05-08,2023-09-29,15929.0
706,1891,2126,2023-06-20,2023-07-29,18918.0
707,1946,1004,2022-09-20,2023-05-08,31761.0
708,382,1651,2021-04-30,2022-12-28,19177.0
709,531,2649,2022-04-21,2023-04-09,18506.0
711,62,2419,2021-05-15,2022-08-31,46964.0
713,199,1844,2022-04-21,2022-10-03,39988.0
715,362,464,2020-04-22,2020-06-27,5136.0
719,1097,2315,2021-12-06,2023-03-29,42147.0
720,1612,1559,2023-10-28,2023-11-04,11337.0
721,977,249,2021-08-29,2023-11-21,40682.0
722,440,2573,2021-10-17,2022-03-02,22090.0
723,563,744,2023-09-24,2023-11-23,49422.0
728,681,1360,2023-11-22,2023-11-28,39921.0
729,951,1505,2020-11-14,2023-01-13,10779.0
730,1601,1635,2023-04-02,2023-08-10,23656.0
731,302,227,2022-06-02,2023-03-08,39978.0
734,1320,2790,2021-05-04,2022-09-19,34655.0
736,1699,421,2021-01-14,2022-10-17,11881.0
737,831,473,2020-10-28,2022-12-15,41422.0
738,1214,911,2021-12-14,2022-01-08,5547.0
740,1089,1503,2023-04-03,2023-09-10,38808.0
741,1039,1443,2021-08-23,2021-11-01,7024.0
742,1624,2220,2020-04-19,2021-07-20,45873.0
745,1488,386,2021-06-06,2023-09-09,47015.0
746,1890,1424,2022-03-14,2022-05-12,43749.0
747,711,1714,2023-08-28,2023-09-05,10164.0
748,238,2278,2021-05-07,2022-12-16,34364.0
749,149,1237,2022-12-20,2023-10-29,48713.0
750,1404,2587,2020-08-13,2021-01-29,45949.0
751,1625,2172,2022-12-10,2023-12-02,42582.0
752,312,1690,2021-10-09,2023-05-01,15313.0
753,360,497,2021-10-22,2021-11-26,28243.0
754,622,2480,2020-10-11,2023-03-23,27859.0
755,65,1658,2020-12-15,2021-03-04,45368.0
756,228,941,2020-10-23,2022-09-22,12170.0
757,170,580,2021-05-26,2023-06-14,15591.0
759,910,1163,2020-02-24,2021-06-13,25366.0
760,928,84,2022-11-24,2023-06-13,5698.0
761,996,1090,2021-09-19,2022-08-29,35004.0
763,189,2761,2022-07-09,2022-10-13,21405.0
764,494,2589,2022-06-24,2023-06-08,15099.0
765,586,1773,2020-09-13,2023-11-20,20592.0
766,689,243,2020-10-12,2021-10-01,25111.0
769,672,2781,2020-01-08,2020-11-09,22868.0
770,725,1036,2022-04-18,2022-05-11,47010.0
771,537,1933,2020-05-12,2020-09-10,28657.0
772,1863,2721,2022-03-18,2023-08-14,26550.0
773,1412,1386,2020-01-13,2020-04-04,23880.0
774,217,2998,2022-09-25,2022-12-12,40336.0
775,1441,67,2022-09-29,2023-06-15,49729.0
776,639,941,2020-06-29,2022-03-12,14782.0
777,1152,599,2020-09-21,2022-05-12,42972.0
778,196,1992,2020-10-06,2022-09-26,28211.0
779,843,2485,2020-01-12,2021-12-01,21526.0
780,764,1944,2021-08-17,2022-07-06,25659.0
781,1956,2972,2022-01-03,2023-08-19,21586.0
782,849,104,2023-04-12,2023-05-10,6801.0
783,667,891,2022-04-25,2023-10-12,29632.0
785,1925,1690,2023-03-02,2023-07-06,22689.0
786,313,1618,2023-12-15,2023-12-21,35372.0
787,624,627,2020-01-12,2023-10-16,11183.0
788,307,2459,2022-04-19,2023-04-30,42811.0
789,818,2549,2020-04-04,2022-09-07,47996.0
791,1699,439,2022-03-30,2023-02-27,17338.0
792,837,2636,2021-08-05,2023-09-14,17954.0
793,328,588,2021-03-29,2021-04-17,34110.0
795,634,1043,2020-11-05,2021-05-27,42682.0
796,1998,267,2023-11-10,2023-11-11,5547.0
797,229,141,2023-01-25,2023-11-10,35837.0
798,433,521,2022-01-17,2022-03-21,15041.0
799,172,1106,2023-04-30,2023-07-13,46781.0
800,1146,599,2023-07-01,2023-12-16,44773.0
802,1620,2072,2020-03-21,2023-11-27,14564.0
803,977,7,2023-08-13,2023-09-05,11376.0
804,687,2810,2021-06-16,2022-12-12,24648.0
806,934,1330,2021-10-21,2023-05-01,34288.0
807,683,2824,2020-10-25,2021-03-01,42138.0
809,389,969,2022-12-24,2023-05-27,22297.0
810,265,1621,2020-04-20,2022-01-14,6665.0
811,1579,2319,2021-08-05,2023-07-11,23260.0
812,948,974,2023-09-01,2023-11-06,35627.0
814,793,871,2020-03-11,2021-04-24,23324.0
816,266,2643,2020-05-16,2021-04-09,44541.0
817,162,297,2022-10-03,2023-08-06,38287.0
819,87,323,2021-05-16,2022-02-14,30255.0
820,639,592,2020-11-18,2022-07-20,26334.0
821,423,2755,2021-12-28,2022-04-18,15219.0
823,153,1039,2021-05-17,2022-05-31,39572.0
824,1166,2064,2021-05-15,2021-10-10,27353.0
826,1721,1270,2022-05-07,2023-08-03,28255.0
827,572,1938,2020-09-29,2023-07-03,24277.0
831,1937,2505,2020-03-14,2023-05-24,17619.0
833,516,746,2021-06-20,2022-08-12,32891.0
834,626,705,2021-09-22,2023-03-13,13816.0
835,1919,1154,2022-12-02,2023-06-12,45418.0
837,1865,1865,2021-10-23,2023-02-12,49761.0
839,1557,2217,2021-04-03,2022-08-15,5531.0
840,1864,544,2021-08-24,2021-11-16,48743.0
843,1171,1527,2021-03-06,2023-12-14,10308.0
844,1131,531,2020-12-19,2022-06-06,33505.0
845,1131,2903,2023-07-04,2023-11-21,20104.0
846,478,170,2021-07-02,2023-06-05,39821.0
848,611,2010,2022-01-21,2023-07-25,26272.0
850,1956,2229,2023-03-30,2023-07-14,21196.0
851,839,2604,2023-04-30,2023-08-29,12898.0
852,416,2122,2021-08-04,2022-10-07,14790.0
854,1679,463,2020-06-10,2022-03-01,9483.0
855,1816,1793,2020-04-02,2023-09-25,47835.0
856,47,2385,2021-11-22,2022-10-13,49905.0
859,662,1159,2021-04-25,2022-06-08,11986.0
860,147,1597,2021-08-02,2022-06-21,39125.0
861,1083,2011,2021-01-12,2022-04-10,15490.0
862,122,165,2021-08-02,2023-02-22,34597.0
863,191,2364,2020-11-19,2021-07-31,32858.0
864,1012,2068,2023-07-11,2023-08-20,20122.0
865,1382,2344,2021-11-15,2022-12-19,48510.0
867,85,2588,2020-04-22,2023-03-08,5927.0
869,1888,2252,2021-12-23,2022-01-01,25983.0
870,677,643,2022-04-17,2022-06-08,11778.0
871,1209,622,2023-04-15,2023-08-16,32439.0
872,444,1545,2020-02-08,2022-12-20,39950.0
873,719,1752,2023-02-15,2023-05-28,39006.0
875,760,1373,2020-07-14,2023-05-03,5071.0
876,81,1546,2022-02-14,2023-09-20,47307.0
877,1775,2379,2022-05-05,2023-05-03,28024.0
879,1530,2255,2021-01-18,2022-05-06,12347.0
880,483,2829,2020-08-13,2021-10-11,18303.0
881,1451,486,2021-02-03,2021-08-16,49566.0
883,1632,1084,2022-01-27,2022-01-29,48342.0
885,720,379,2021-01-05,2023-10-07,44044.0
886,95,1084,2020-10-19,2023-07-04,16883.0
888,867,2533,2022-04-13,2022-06-07,25552.0
889,1492,2201,2022-12-18,2023-08-27,29543.0
890,601,2296,2021-08-04,2023-04-15,47083.0
893,639,2034,2020-02-11,2021-03-15,12438.0
894,1950,1292,2023-06-23,2023-08-06,18213.0
895,688,2554,2023-07-30,2023-10-21,19034.0
896,1242,782,2022-09-11,2022-09-16,15234.0
897,821,622,2020-12-01,2023-07-25,15546.0
898,225,2952,2021-05-14,2023-04-25,5221.0
899,1406,2548,2020-04-17,2020-11-28,8663.0
901,537,2859,2023-01-22,2023-10-26,7074.0
902,1696,2465,2022-04-20,2023-03-17,10653.0
903,266,342,2023-11-15,2023-12-15,44807.0
904,1991,2560,2021-05-14,2022-08-31,37619.0
907,1291,2677,2021-12-13,2022-05-22,34207.0
909,775,399,2021-09-22,2022-06-09,17052.0
910,1118,826,2020-07-22,2023-12-06,23422.0
912,945,2391,2021-07-11,2021-08-29,14279.0
913,1253,861,2023-05-24,2023-06-16,30214.0
915,811,2383,2022-01-02,2023-03-18,23847.0
916,183,1498,2020-10-27,2023-03-02,28737.0
917,136,1601,2022-04-22,2023-01-07,6069.0
918,334,525,2022-02-24,2022-09-13,33126.0
920,48,1549,2020-08-15,2023-01-27,44821.0
921,1486,1710,2020-02-09,2020-04-16,44783.0
923,1576,821,2020-05-29,2023-01-29,9201.0
926,248,2877,2020-01-18,2020-07-16,30541.0
927,618,1485,2021-04-22,2022-03-03,5809.0
928,255,73,2021-01-22,2023-08-05,41445.0
929,1168,2265,2022-03-16,2023-03-07,46753.0
930,254,2316,2021-01-18,2021-12-25,39263.0
931,1954,984,2023-02-13,2023-11-11,9505.0
933,1740,2016,2022-02-08,2022-08-08,15542.0
934,9,2237,2021-11-03,2023-11-09,16037.0
936,818,507,2023-12-05,2023-12-06,14027.0
937,1071,2287,2023-08-19,2023-09-09,43056.0
938,1263,1671,2023-03-12,2023-03-31,31317.0
940,13,754,2020-10-19,2023-04-03,28935.0
941,1370,2050,2023-08-20,2023-11-08,34486.0
943,1681,89,2023-01-02,2023-10-29,15135.0
944,846,1362,2021-07-28,2022-06-11,18069.0
945,513,2270,2020-05-09,2022-12-07,26055.0
946,1810,2127,2021-02-14,2023-04-19,15906.0
947,892,2745,2022-08-30,2023-10-23,42422.0
949,1648,2525,2022-04-02,2023-03-16,19935.0
950,1531,418,2020-06-04,2021-06-20,37505.0
951,1930,1910,2022-11-17,2023-04-15,11790.0
952,1580,925,2021-10-08,2023-04-29,15831.0
953,863,2292,2022-11-22,2023-09-09,14591.0
955,850,1657,2022-06-16,2022-11-01,26405.0
956,1206,2337,2023-04-21,2023-10-08,24351.0
957,1806,2584,2023-12-18,2023-12-19,11481.0
958,383,723,2020-11-06,2023-03-24,37861.0
959,222,204,2020-04-07,2021-03-06,27764.0
960,1135,781,2021-04-18,2023-04-14,7628.0
961,95,2430,2022-09-22,2023-07-03,40446.0
962,560,2887,2021-01-25,2023-02-23,35617.0
964,1805,747,2020-07-14,2022-03-09,39519.0
965,1501,1275,2022-11-10,2023-05-23,37971.0
969,945,2682,2023-09-08,2023-09-08,6751.0
971,573,1359,2021-08-29,2022-03-15,6542.0
973,1319,117,2023-09-09,2023-12-13,13297.0
975,394,2893,2021-09-20,2022-03-20,37072.0
976,635,2099,2020-09-20,2022-01-15,47503.0
977,1250,1670,2023-04-24,2023-06-10,7395.0
978,563,2031,2021-09-23,2022-09-26,42396.0
979,1731,2002,2020-10-13,2023-12-13,23997.0
980,1086,1227,2022-10-28,2022-12-17,6227.0
981,526,1016,2021-05-10,2022-05-15,21424.0
982,1186,2086,2021-04-30,2022-11-27,28067.0
983,1393,2917,2022-06-10,2022-08-13,13006.0
985,904,2983,2022-02-11,2023-09-18,44386.0
986,1490,1494,2020-08-28,2023-11-03,33110.0
988,1804,2947,2020-12-05,2021-09-09,21197.0
989,747,2578,2023-08-20,2023-10-16,19530.0
990,1835,2559,2021-08-07,2023-04-09,39239.0
991,1155,260,2021-04-02,2022-08-30,32133.0
992,1541,2923,2023-03-31,2023-11-11,22689.0
993,1956,100,2023-10-20,2023-11-30,24798.0
994,479,2899,2021-05-07,2023-03-07,27553.0
995,894,1569,2021-05-10,2023-07-30,18103.0
996,498,2380,2023-04-02,2023-09-27,19551.0
998,1854,1241,2021-11-09,2022-12-02,9322.0
1000,1177,1309,2021-01-10,2023-07-08,36950.0
1003,8,2490,2022-05-27,2022-07-13,41647.0
1004,679,329,2023-09-08,2023-12-08,27847.0
1005,16,1105,2022-07-16,2023-10-08,30510.0
1006,1468,2303,2022-07-15,2023-05-23,26853.0
1008,478,1481,2021-05-27,2021-12-05,24835.0
1009,109,56,2021-01-04,2021-07-18,7198.0
1010,538,1552,2020-08-24,2021-06-22,23580.0
1011,1072,2610,2020-04-28,2022-05-07,38218.0
1012,431,1255,2023-11-23,2023-12-24,5872.0
1013,321,1899,2022-01-09,2022-12-18,20987.0
1014,1871,2733,2022-01-20,2022-12-31,14302.0
1015,691,385,2022-01-05,2022-07-30,14396.0
1016,1451,256,2022-02-01,2023-07-21,46770.0
1017,1269,233,2021-02-28,2021-09-13,37723.0
1018,922,940,2020-02-10,2022-06-26,40736.0
1019,687,685,2023-06-24,2023-09-16,11329.0
1020,517,2870,2022-11-13,2023-09-15,43939.0
1022,956,1779,2023-05-17,2023-12-02,38274.0
1023,1279,2741,2020-10-09,2023-02-20,35329.0
1024,95,1573,2023-07-08,2023-07-29,43527.0
1026,1750,1342,2020-05-25,2022-08-22,39668.0
1028,351,2822,2023-08-22,2023-09-30,20526.0
1030,1386,847,2021-09-23,2023-12-30,9298.0
1033,1606,114,2020-02-07,2023-04-19,46752.0
1034,1716,385,2020-12-17,2022-05-09,6221.0
1035,727,1893,2023-03-05,2023-04-13,46339.0
1036,386,1342,2022-08-24,2023-06-16,45637.0
1037,24,1087,2022-06-09,2022-10-05,10821.0
1038,1352,2395,2021-11-06,2022-11-21,17863.0
1039,127,833,2022-12-01,2023-02-16,17481.0
1040,1974,1158,2020-03-07,2021-12-09,41710.0
1042,1196,341,2020-11-13,2023-04-22,21919.0
1044,1212,2956,2022-03-28,2023-12-04,37557.0
1045,1439,421,2021-05-19,2023-07-26,31459.0
1047,1299,2837,2022-03-14,2023-04-20,39749.0
1050,344,1707,2020-03-16,2022-06-26,46709.0
1051,1921,617,2020-08-19,2022-07-23,32798.0
1052,244,2353,2020-08-30,2021-12-22,24934.0
1055,623,703,2021-03-12,2023-04-06,33717.0
1057,1248,2475,2020-05-17,2021-02-01,23110.0
1059,1567,2563,2022-09-29,2023-05-24,35360.0
1060,904,1469,2022-08-30,2023-09-01,49453.0
1062,404,1507,2021-06-30,2022-12-21,36460.0
1065,1222,1009,2022-10-31,2023-05-06,20521.0
1068,993,770,2021-02-03,2021-03-07,22923.0
1069,1812,2034,2022-11-14,2023-08-13,44150.0
1070,840,2879,2022-10-06,2022-12-19,31936.0
1071,1780,1129,2020-11-13,2022-03-30,6811.0
1072,1465,726,2022-04-25,2022-11-07,45994.0
1074,227,2336,2020-11-30,2022-07-08,38383.0
1076,810,1504,2020-01-14,2023-03-06,27380.0
1077,1869,2452,2020-12-12,2021-01-10,6317.0
1078,1000,2209,2020-08-12,2023-09-08,20850.0
1079,662,908,2021-08-29,2022-09-10,6697.0
1080,1692,2746,2020-10-08,2022-08-02,18180.0
1082,1212,1474,2020-01-15,2023-11-04,29397.0
1083,1553,1344,2023-04-04,2023-04-24,9062.0
1085,1039,1585,2021-08-19,2022-09-07,9141.0
1086,1428,1854,2021-09-24,2022-12-10,28569.0
1087,435,2703,2020-09-06,2023-05-21,21228.0
1089,1029,2960,2021-08-18,2022-08-01,35958.0
1090,1074,2095,2020-04-27,2022-04-29,33060.0
1091,788,802,2020-01-12,2022-05-10,6630.0
1093,1068,1554,2020-06-18,2021-07-06,25779.0
1094,848,1567,2021-02-25,2022-07-17,10100.0
1095,841,1862,2023-02-28,2023-04-11,18129.0
1097,13,2317,2020-07-13,2023-11-19,41228.0
1098,1602,1123,2021-07-21,2022-01-20,23207.0
1099,1100,864,2021-01-03,2023-08-23,33874.0
1100,134,1282,2022-08-12,2023-03-01,40468.0
1102,22,1602,2020-09-20,2022-01-06,25366.0
1103,480,44,2020-09-13,2021-06-04,34942.0
1104,1099,2174,2021-03-10,2022-05-31,32979.0
1107,1042,2674,2020-12-18,2023-11-13,41318.0
1108,499,387,2020-01-19,2022-11-27,13619.0
1109,1037,2973,2023-02-18,2023-06-01,29862.0
1110,1506,1521,2020-06-15,2020-09-28,49917.0
1111,1745,2063,2021-09-26,2023-02-25,25602.0
1112,748,1276,2020-10-18,2023-12-01,34461.0
1114,1798,2301,2023-03-07,2023-06-30,16798.0
1115,820,453,2021-05-16,2022-04-08,26740.0
1116,1651,1911,2023-12-28,2023-12-31,32119.0
1117,867,1501,2023-12-02,2023-12-22,30407.0
1119,1641,1644,2022-10-31,2023-08-29,32443.0
1122,1659,2713,2020-11-14,2021-01-13,43102.0
1123,1070,413,2022-04-11,2022-08-24,41759.0
1124,463,1842,2020-02-14,2023-09-08,10972.0
1125,786,829,2023-02-03,2023-10-18,21836.0
1126,535,1422,2022-12-24,2023-07-23,39761.0
1127,274,1995,2020-08-15,2023-10-08,12476.0
1128,591,622,2020-09-21,2023-04-16,6048.0
1131,1057,1590,2020-02-28,2023-05-26,22634.0
1132,39,796,2020-09-05,2022-08-16,20094.0
1133,717,1594,2023-06-25,2023-11-03,22288.0
1134,658,1120,2022-06-01,2023-03-16,15039.0
1136,615,2364,2022-10-17,2023-05-18,19226.0
1137,1645,2526,2021-02-24,2023-04-10,5645.0
1138,1449,1045,2021-04-05,2022-09-23,47812.0
1139,72,485,2020-01-28,2021-03-13,39799.0
1140,1169,722,2020-02-03,2023-06-25,39874.0
1141,344,2432,2020-02-29,2020-12-01,40834.0
1142,236,2590,2020-06-05,2021-07-06,17970.0
1144,428,2227,2023-02-03,2023-07-25,10865.0
1147,540,2380,2021-09-16,2023-05-12,25107.0
1148,648,1528,2022-06-08,2023-11-08,43564.0
1151,1266,407,2022-03-02,2022-08-23,16308.0
1153,1095,2766,2021-09-22,2022-12-31,40446.0
1154,127,198,2021-02-16,2022-08-06,44488.0
1156,982,2151,2021-07-17,2021-10-13,40119.0
1157,703,1936,2021-03-16,2022-09-23,18030.0
1158,1179,1338,2021-06-23,2023-12-29,5723.0
1159,855,1617,2022-09-13,2023-11-23,7140.0
1160,279,2983,2022-01-10,2023-04-27,40330.0
1161,1278,2385,2023-05-09,2023-12-24,14175.0
1162,1774,1186,2021-01-19,2023-11-29,29495.0
1166,377,2290,2021-06-20,2022-03-04,43036.0
1167,204,2803,2020-08-03,2022-03-09,48574.0
1168,1475,2209,2021-03-04,2022-10-12,23350.0
1169,129,2365,2023-05-14,2023-06-04,14007.0
1170,1236,1676,2023-12-13,2023-12-30,14473.0
1171,1999,1790,2020-08-17,2023-12-18,30887.0
1172,464,1885,2020-05-14,2022-05-31,32445.0
1173,1647,926,2021-08-15,2021-12-22,31114.0
1174,38,2818,2022-10-22,2023-11-04,40349.0
1175,622,1672,2021-10-10,2023-08-05,22320.0
1176,1981,1410,2020-09-16,2022-04-16,43021.0
1177,640,13,2020-10-01,2022-06-10,15463.0
1178,819,884,2020-04-29,2022-12-29,37297.0
1180,899,1333,2020-10-06,2022-07-17,5136.0
1181,1319,2272,2023-07-01,2023-12-18,36558.0
1182,117,2997,2023-08-30,2023-09-16,46705.0
1184,900,1560,2022-02-21,2022-10-07,42093.0
1185,900,2621,2022-01-30,2023-06-18,11997.0
1186,1881,60,2022-04-13,2023-05-29,32652.0
1187,1239,1706,2022-11-04,2023-11-10,20152.0
1188,1144,1089,2021-10-09,2022-12-03,21186.0
1190,1165,1814,2023-09-28,2023-11-29,28032.0
1191,1502,739,2023-03-28,2023-10-02,7204.0
1192,1825,1224,2023-03-31,2023-10-11,15027.0
1193,431,1961,2022-03-14,2023-12-22,19478.0
1194,1157,1979,2021-07-03,2022-07-28,6864.0
1195,702,2911,2020-01-13,2022-10-27,31283.0
1196,723,1026,2021-05-29,2022-07-31,32555.0
1198,1315,2854,2021-06-12,2021-10-29,19584.0
1199,1081,428,2022-10-20,2022-11-11,9172.0
1200,279,2558,2022-05-12,2023-06-15,16381.0
1202,154,738,2022-12-22,2023-12-20,13932.0
1203,1819,2655,2021-01-23,2021-08-28,19891.0
1207,958,2958,2020-11-06,2022-04-03,48602.0
1208,69,2152,2023-10-23,2023-11-20,34968.0
1212,46,751,2023-02-13,2023-02-17,12148.0
1214,572,1546,2020-01-10,2022-06-01,6217.0
1216,401,253,2021-06-12,2023-05-10,33734.0
1217,1027,1986,2023-07-03,2023-07-05,23570.0
1218,1341,2102,2020-11-03,2022-08-21,33833.0
1220,512,641,2020-02-23,2021-11-04,32774.0
1221,160,258,2022-09-04,2023-07-22,33570.0
1222,918,1519,2022-12-22,2023-07-19,6961.0
1224,1294,636,2021-05-15,2021-08-23,43218.0
1225,385,2977,2020-01-16,2023-06-10,26645.0
1226,1775,2166,2021-09-04,2023-08-23,18888.0
1227,1039,2045,2021-05-28,2023-04-18,46335.0
1228,35,2035,2020-03-22,2021-11-02,41708.0
1229,796,2291,2020-02-16,2021-04-07,18233.0
1230,404,2508,2021-05-12,2023-12-23,18041.0
1231,1576,2454,2023-02-21,2023-06-05,8553.0
1232,796,1238,2021-02-18,2023-03-30,5836.0
1233,1947,2603,2020-11-25,2021-07-02,7296.0
1235,1282,95,2022-07-15,2022-07-17,18316.0
1236,99,2537,2022-01-17,2023-08-31,15023.0
1237,1483,591,2021-05-08,2021-12-27,40998.0
1238,1414,238,2020-05-30,2022-11-13,41056.0
1240,1955,2996,2022-06-23,2023-05-09,28134.0
1241,1918,1583,2022-01-09,2023-06-03,32845.0
1244,1920,783,2022-12-04,2023-12-14,16704.0
1246,720,2127,2020-08-31,2020-12-29,23217.0
1247,1172,1536,2021-03-13,2021-11-21,9719.0
1248,1958,2298,2020-08-05,2022-06-12,35211.0
1249,1862,2343,2023-01-04,2023-10-29,6443.0
1251,1704,906,2022-03-30,2023-12-21,33952.0
1252,14,1718,2021-03-18,2021-04-06,32263.0
1253,472,2588,2023-08-11,2023-11-30,17437.0
1254,92,1339,2022-06-11,2023-05-27,10418.0
1256,1054,877,2021-03-21,2022-05-14,19708.0
1257,638,131,2022-05-25,2023-02-15,16111.0
1259,1021,462,2023-01-20,2023-12-08,30206.0
1260,569,2562,2022-08-13,2023-02-18,29239.0
1261,670,1034,2021-08-31,2021-11-19,43730.0
1262,1221,1003,2021-07-14,2022-06-26,6561.0
1265,215,984,2020-08-31,2022-11-19,20099.0
1266,1782,2124,2023-05-04,2023-12-14,20000.0
1267,1987,1528,2020-05-12,2022-03-09,37284.0
1268,1213,1728,2023-11-16,2023-12-10,40441.0
1269,1440,2233,2022-10-16,2023-10-27,29250.0
1270,1083,2201,2023-11-08,2023-12-24,18483.0
1272,1540,2029,2022-02-18,2022-07-06,33535.0
1273,1335,1147,2023-03-26,2023-10-15,8771.0
1277,1961,233,2020-08-31,2021-04-20,20817.0
1278,1116,150,2020-04-09,2021-07-08,40778.0
1279,1637,1691,2023-09-09,2024-01-01,36786.0
1280,1077,1094,2022-04-15,2023-07-29,6378.0
1281,470,2808,2020-05-10,2022-10-25,8763.0
1282,1292,2177,2022-10-27,2023-09-24,34866.0
1283,395,1378,2023-06-20,2023-08-18,47069.0
1284,1530,660,2022-11-27,2023-10-24,36954.0
1285,297,2654,2020-09-20,2022-08-06,46039.0
1287,1889,2331,2022-03-03,2022-06-27,25596.0
1288,666,246,2022-02-27,2022-04-27,12684.0
1289,579,696,2021-03-15,2022-10-08,28576.0
1290,504,2533,2022-02-12,2023-10-16,23237.0
1291,407,1408,2023-04-24,2023-11-27,46285.0
1292,954,186,2023-07-08,2023-09-17,12573.0
1294,1367,511,2021-04-07,2023-03-20,31113.0
1295,755,1919,2023-01-05,2023-09-24,44624.0
1296,1222,1339,2022-10-09,2023-02-21,9467.0
1298,1717,1513,2022-01-26,2022-05-19,18324.0
1300,1377,486,2021-06-03,2023-12-18,23577.0
1301,1479,2098,2022-03-27,2023-02-21,9067.0
1302,1720,719,2020-12-01,2023-10-27,9873.0
1303,1440,2841,2023-04-15,2023-10-08,39841.0
1305,1212,1668,2022-01-28,2022-08-04,18507.0
1307,127,811,2021-09-14,2022-03-13,25537.0
1309,1025,1511,2021-05-18,2023-11-10,30688.0
1310,1700,1152,2022-08-16,2023-09-09,12175.0
1311,1033,226,2020-06-25,2023-11-07,39854.0
1312,659,1247,2020-01-23,2021-05-09,46719.0
1313,1561,1197,2023-06-14,2023-06-28,40025.0
1315,1510,2634,2022-11-23,2023-09-01,38550.0
1316,467,2652,2021-09-01,2022-09-28,27053.0
1317,922,688,2021-10-21,2023-01-21,37537.0
1318,518,1649,2021-10-08,2022-02-03,6350.0
1322,406,2677,2023-04-04,2023-08-18,23708.0
1323,298,2799,2022-01-24,2023-07-30,17501.0
1324,1455,2987,2022-03-28,2023-12-13,43248.0
1325,1826,2048,2022-07-21,2022-12-27,46487.0
1326,1515,2951,2020-04-01,2021-04-20,42629.0
1327,818,830,2021-02-17,2023-05-30,41333.0
1328,817,2606,2021-01-24,2021-06-30,45109.0
1329,1610,811,2020-07-12,2023-07-26,6195.0
1330,132,1906,2022-06-03,2023-09-13,21407.0
1332,190,1529,2022-02-14,2022-10-14,29185.0
1333,1036,879,2022-10-15,2023-05-19,21767.0
1334,457,2018,2023-05-12,2023-12-30,44099.0
1335,393,1530,2021-09-26,2022-05-24,33437.0
1336,791,1797,2023-01-08,2023-05-05,15868.0
1337,1550,615,2022-06-05,2022-09-15,28174.0
1338,1781,2772,2022-03-28,2023-07-21,46522.0
1339,879,1278,2023-06-21,2023-12-06,32557.0
1340,905,2079,2020-01-08,2021-01-26,29893.0
1341,1882,1110,2021-12-18,2023-11-02,35076.0
1342,748,1501,2022-08-27,2023-01-16,14306.0
1343,162,1458,2020-11-13,2021-09-23,32896.0
1344,1993,299,2020-05-03,2021-09-05,16563.0
1345,215,217,2023-09-19,2023-09-30,23919.0
1346,718,2946,2020-09-12,2022-07-14,32228.0
1347,356,2128,2021-08-21,2023-10-03,12450.0
1348,1588,93,2022-01-16,2023-01-07,15934.0
1349,976,45,2022-01-11,2023-01-21,23235.0
1350,1141,967,2020-03-28,2020-05-01,14892.0
1351,1501,1591,2020-12-31,2021-12-12,47857.0
1352,1497,1897,2023-12-22,2023-12-29,16085.0
1353,1734,1461,2021-01-17,2023-08-26,11935.0
1354,683,703,2021-01-10,2022-01-02,22306.0
1355,1132,1411,2020-03-25,2023-09-11,20704.0
1359,1290,762,2021-07-24,2023-07-10,31730.0
1361,482,505,2021-08-13,2022-07-01,5455.0
1365,1359,1164,2022-08-07,2023-11-05,36871.0
1366,1432,2285,2020-07-01,2021-07-14,7234.0
1367,1896,206,2020-08-03,2021-07-24,37436.0
1368,1131,2667,2023-04-08,2023-12-14,28658.0
1369,1681,1866,2023-06-26,2023-12-16,39697.0
1370,1779,2854,2023-05-27,2023-06-24,45469.0
1371,483,2925,2020-01-13,2022-06-15,8925.0
1372,1716,2995,2020-05-24,2023-03-27,20570.0
1373,656,1021,2021-12-30,2023-04-04,32119.0
1376,1127,1312,2020-05-30,2023-09-13,28508.0
1379,1484,2551,2021-04-17,2021-11-29,48478.0
1380,1471,1803,2020-07-22,2023-12-20,11789.0
1381,1123,558,2023-11-01,2023-12-21,32155.0
1382,1794,1391,2020-12-21,2021-06-04,35262.0
1384,650,1835,2021-03-27,2021-06-18,39992.0
1387,222,1669,2023-06-11,2023-08-08,33079.0
1388,1665,2488,2020-12-22,2023-06-11,48482.0
1389,1299,91,2022-09-07,2022-09-14,13841.0
1390,420,584,2021-03-01,2022-01-16,16106.0
1391,1391,2785,2020-09-05,2021-03-13,33641.0
1392,1139,1881,2021-02-25,2022-05-08,28140.0
1393,377,934,2020-03-26,2023-12-21,31714.0
1394,838,2776,2020-02-28,2020-11-16,22282.0
1396,195,792,2021-07-24,2023-03-29,43484.0
1397,518,2360,2021-02-03,2022-10-05,33795.0
1398,1575,1572,2023-01-03,2023-04-29,37117.0
1400,632,1422,2020-07-31,2021-09-04,44629.0
1401,1802,618,2022-02-11,2023-01-14,24456.0
1402,841,2255,2022-08-23,2022-09-07,12396.0
1404,1999,2755,2020-01-12,2023-12-20,7489.0
1405,1392,937,2020-10-21,2021-11-08,44406.0
1406,636,2537,2021-02-18,2021-07-06,43128.0
1408,225,1633,2023-01-24,2023-12-14,14036.0
1409,1583,1737,2022-07-04,2023-12-11,33550.0
1410,575,902,2021-07-18,2023-05-28,18432.0
1413,1027,2345,2021-03-24,2021-11-28,24001.0
1416,1614,28,2022-07-20,2023-05-29,29239.0
1417,1377,38,2021-07-16,2022-07-05,41831.0
1418,688,1293,2021-11-28,2022-08-07,34501.0
1419,647,378,2022-01-02,2023-02-04,44864.0
1421,523,653,2022-01-22,2023-03-27,12601.0
1422,1309,2390,2020-07-27,2022-08-29,15248.0
1426,1757,198,2020-12-13,2023-01-09,20055.0
1427,206,838,2020-03-26,2021-08-05,32795.0
1429,1588,2850,2023-08-29,2023-12-15,7615.0
1430,1062,2459,2022-10-30,2022-11-29,5246.0
1431,255,2664,2020-02-11,2022-07-19,7777.0
1433,1231,716,2020-11-30,2022-05-12,11277.0
1434,609,774,2023-09-09,2023-10-02,47282.0
1435,1039,385,2021-10-21,2022-01-08,32961.0
1436,712,165,2023-10-09,2023-10-17,20180.0
1438,525,1964,2021-11-25,2022-01-25,44518.0
1439,1927,743,2023-11-03,2023-11-15,27542.0
1440,543,1835,2021-02-04,2023-10-19,38431.0
1441,153,1895,2020-02-18,2022-02-10,20828.0
1443,1892,349,2021-10-08,2023-03-29,18546.0
1444,736,1380,2022-02-08,2022-11-29,22290.0
1445,108,682,2023-08-18,2023-12-24,12373.0
1448,885,1071,2022-05-09,2023-12-01,33760.0
1449,1929,849,2021-02-15,2023-12-12,12416.0
1450,1599,995,2021-07-15,2021-11-22,19194.0
1451,853,196,2023-10-15,2023-10-21,5046.0
1454,1463,1066,2023-10-08,2023-10-24,30546.0
1457,1139,2863,2023-07-20,2023-11-29,39447.0
1458,1774,1742,2023-10-17,2023-11-11,5774.0
1459,630,2064,2023-06-03,2023-07-18,9331.0
1460,140,2227,2021-04-09,2022-06-02,44834.0
1461,490,665,2020-09-05,2022-09-30,19826.0
1462,1444,2482,2022-08-11,2023-04-17,21650.0
1463,1188,2449,2021-07-23,2022-11-25,36358.0
1465,1371,662,2020-10-04,2022-08-16,25515.0
1466,1720,932,2021-01-07,2021-05-13,34074.0
1468,1492,1997,2022-05-04,2022-10-15,21621.0
1471,1170,2653,2023-04-04,2023-08-31,30535.0
1472,238,2215,2022-12-11,2023-04-26,29284.0
1475,1037,2156,2020-09-02,2023-07-13,19098.0
1477,1704,517,2020-06-22,2023-03-20,20857.0
1478,497,1670,2023-06-21,2023-08-10,25001.0
1479,1063,187,2023-06-07,2023-08-08,36655.0
1480,1264,137,2020-01-21,2020-08-30,13033.0
1481,858,681,2021-02-07,2023-05-16,27990.0
1482,1157,1685,2020-11-23,2021-08-23,12397.0
1483,829,261,2023-04-02,2023-07-24,17416.0
1484,299,2740,2021-08-06,2021-08-24,14461.0
1485,934,746,2021-08-06,2023-01-20,27375.0
1486,459,166,2023-02-15,2023-11-08,37996.0
1487,427,2679,2022-07-28,2023-08-25,6529.0
1488,82,2267,2020-03-05,2023-02-23,7221.0
1489,1148,794,2021-02-11,2021-11-02,35730.0
1491,1418,462,2022-03-20,2022-11-02,41656.0
1492,579,825,2021-04-20,2023-11-23,15637.0
1493,198,1690,2022-10-19,2022-11-04,20988.0
1494,1979,2379,2021-08-06,2023-09-01,42974.0
1495,634,1194,2023-05-21,2023-09-15,11615.0
1497,1826,2619,2022-06-07,2023-09-30,36049.0
1498,19,2188,2022-03-15,2023-12-04,32705.0
1499,866,1524,2023-05-10,2023-12-21,25414.0
1501,351,771,2021-10-06,2022-01-04,25265.0
1504,1013,2394,2023-11-16,2023-12-10,46471.0
1505,1665,1425,2021-10-24,2022-04-12,25064.0
1506,623,289,2021-08-02,2021-12-24,35503.0
1507,1169,2873,2020-04-21,2021-03-25,30549.0
1508,772,1561,2023-09-14,2023-10-20,38329.0
1509,1997,1111,2023-02-15,2023-04-02,34943.0
1511,1401,1177,2023-08-31,2023-09-15,16040.0
1512,639,807,2022-10-07,2023-06-27,36784.0
1513,75,674,2022-02-02,2022-06-26,43709.0
1514,735,1558,2021-08-11,2022-12-28,29797.0
1515,1333,881,2021-12-30,2023-08-26,45325.0
1516,1307,1636,2022-08-15,2023-05-16,45018.0
1517,31,439,2022-11-08,2022-11-21,9360.0
1518,1890,2908,2020-07-04,2021-12-14,43958.0
1519,404,493,2023-07-09,2023-12-29,7694.0
1520,538,2441,2022-07-27,2023-10-04,39783.0
1521,287,576,2021-10-05,2022-10-02,39175.0
1523,731,1922,2023-05-27,2023-07-31,31988.0
1524,917,1443,2020-06-25,2020-09-30,25314.0
1525,287,2699,2020-09-16,2022-08-16,17826.0
1527,1313,1931,2023-03-18,2023-09-29,14732.0
1529,1842,2221,2020-06-01,2022-02-16,6743.0
1530,1641,312,2023-10-19,2023-10-29,9583.0
1531,1869,1398,2021-04-22,2022-04-08,29994.0
1532,1104,334,2020-06-05,2023-02-15,23338.0
1533,1276,681,2021-11-14,2023-07-24,44400.0
1534,1942,2030,2023-02-14,2023-08-17,17123.0
1535,1344,1536,2022-04-18,2023-07-19,45485.0
1537,1162,1789,2023-10-26,2023-11-05,6579.0
1538,1742,458,2021-05-07,2023-02-26,25119.0
1539,1435,2904,2021-06-18,2023-05-31,31795.0
1540,1284,690,2020-10-25,2022-07-23,23938.0
1541,552,2455,2022-12-16,2023-10-07,18212.0
1542,339,1362,2021-07-30,2022-12-06,36761.0
1544,1004,809,2021-05-12,2021-11-26,32220.0
1545,1165,808,2022-01-23,2022-10-23,27489.0
1546,151,1146,2022-04-18,2022-11-16,16021.0
1547,1463,1972,2022-06-20,2023-09-10,40867.0
1548,511,383,2020-09-28,2023-08-01,44213.0
1549,667,1972,2022-07-16,2023-08-22,40943.0
1551,392,2028,2021-10-25,2023-08-16,11255.0
1555,22,119,2020-05-31,2021-12-22,14271.0
1556,289,997,2022-05-08,2023-11-29,39648.0
1558,391,2621,2020-09-14,2023-10-31,24964.0
1560,489,1251,2022-07-24,2023-01-23,15638.0
1561,769,338,2021-04-04,2022-09-11,12139.0
1562,143,1590,2022-02-11,2022-11-20,20389.0
1564,64,574,2020-11-15,2022-08-19,48816.0
1566,1656,802,2020-05-08,2023-11-25,28042.0
1568,1104,666,2021-02-10,2022-08-21,10190.0
1569,500,2317,2021-06-02,2023-01-12,33240.0
1571,1996,157,2022-10-06,2023-11-15,22545.0
1572,348,1160,2023-07-16,2023-11-02,25537.0
1573,334,1711,2021-04-21,2022-11-26,33252.0
1574,174,2459,2022-06-16,2022-11-08,30820.0
1575,261,529,2021-12-26,2023-04-28,42822.0
1578,195,1651,2020-07-06,2022-08-02,19181.0
1580,71,2087,2020-08-08,2021-12-07,5665.0
1581,1887,1428,2020-03-29,2021-11-02,18148.0
1582,1014,1971,2023-04-19,2023-11-20,5989.0
1583,1026,1195,2021-11-16,2023-12-07,40956.0
1584,1278,2382,2020-01-19,2020-08-30,7300.0
1587,1021,193,2022-08-19,2022-10-17,46869.0
1588,704,2701,2021-04-05,2023-11-29,25018.0
1589,318,484,2022-10-29,2022-11-17,9599.0
1590,366,2563,2022-12-25,2023-08-04,23701.0
1591,1846,216,2020-05-01,2020-07-18,23446.0
1592,840,1015,2022-08-13,2023-09-13,33843.0
1593,745,751,2022-10-12,2022-10-18,45337.0
1595,296,2456,2021-12-13,2022-07-10,18172.0
1596,1120,765,2022-08-26,2022-09-14,39636.0
1597,1909,771,2020-01-01,2022-10-01,5246.0
1598,877,439,2022-09-10,2023-09-18,30607.0
1599,696,836,2020-10-23,2021-01-22,49615.0
1600,123,2247,2021-06-25,2022-06-30,5988.0
1601,1304,2910,2022-05-23,2023-11-06,10566.0
1602,1175,1458,2022-03-29,2022-07-21,9194.0
1603,410,1334,2023-01-29,2023-03-25,42079.0
1604,1182,2079,2022-08-12,2023-09-28,45735.0
1605,502,1037,2023-01-18,2023-11-24,17387.0
1606,641,2906,2022-11-25,2023-02-15,25932.0
1607,23,2307,2022-09-16,2023-11-12,29534.0
1608,755,1437,2020-10-03,2021-08-15,41151.0
1609,1150,997,2023-02-26,2023-03-24,7174.0
1611,1156,218,2022-06-23,2022-07-14,10642.0
1614,157,477,2023-09-04,2023-12-02,15615.0
1617,1000,1541,2021-04-12,2021-09-17,34496.0
1618,255,1837,2022-06-22,2023-11-25,48831.0
1619,1147,2276,2021-03-05,2022-12-24,46824.0
1620,216,123,2021-07-24,2023-08-21,29377.0
1623,1395,519,2020-11-22,2022-03-16,48285.0
1625,144,2298,2022-04-06,2022-12-30,26136.0
1626,1377,2881,2021-05-30,2021-08-30,23143.0
1628,1171,837,2021-07-26,2023-12-09,33673.0
1629,1165,862,2022-12-19,2023-11-27,24794.0
1630,1937,1813,2020-04-17,2020-08-29,44274.0
1631,1079,836,2020-11-07,2023-02-03,47563.0
1632,31,22,2023-07-11,2023-12-05,43000.0
1633,1151,2574,2021-06-08,2022-01-31,40007.0
1635,1434,515,2023-12-03,2023-12-29,6493.0
1636,380,1190,2020-10-07,2022-01-28,37407.0
1637,1813,958,2022-09-07,2022-11-02,7580.0
1638,689,1893,2020-06-20,2020-12-29,48238.0
1639,1270,974,2020-05-08,2022-04-09,28004.0
1641,738,590,2023-02-12,2023-04-15,31430.0
1642,1903,68,2022-05-24,2022-12-25,24770.0
1644,423,527,2021-02-16,2022-05-26,13252.0
1646,1921,1460,2020-09-20,2020-12-05,17790.0
1647,1160,1134,2023-12-19,2023-12-26,36787.0
1648,1694,2577,2020-10-20,2023-01-20,6488.0
1649,708,1558,2022-12-31,2023-12-20,40337.0
1650,952,1287,2022-11-06,2023-07-15,11928.0
1651,358,2050,2023-12-29,2023-12-29,46282.0
1652,291,1734,2022-09-27,2022-11-25,37248.0
1653,501,364,2023-05-21,2023-05-29,29333.0
1654,1175,564,2021-08-16,2023-09-19,26283.0
1655,1400,1106,2023-04-06,2023-11-04,9106.0
1656,1827,2470,2021-09-26,2023-08-10,6128.0
1657,637,2036,2021-07-10,2023-09-22,15883.0
1658,1940,2792,2020-07-05,2023-12-05,45064.0
1660,1070,209,2021-01-28,2022-05-17,15551.0
1663,1364,2827,2020-10-10,2020-11-02,33858.0
1664,223,916,2022-08-18,2023-08-20,7370.0
1665,37,1478,2022-02-21,2022-09-28,14722.0
1666,1712,219,2022-06-12,2022-07-23,43731.0
1667,966,200,2022-01-01,2023-01-22,41139.0
1668,1410,1004,2022-05-04,2023-11-19,16581.0
1669,1727,549,2020-06-15,2022-03-27,19990.0
1671,1163,2373,2021-09-03,2023-08-20,16571.0
1672,1755,1363,2021-07-27,2022-08-29,21903.0
1674,213,73,2022-08-17,2023-10-02,39389.0
1675,989,2566,2022-01-02,2023-11-14,24817.0
1676,1300,999,2020-05-14,2021-04-13,9366.0
1677,270,1048,2023-06-17,2023-07-24,24242.0
1678,30,461,2021-02-15,2023-04-28,27571.0
1684,1481,15,2020-10-06,2022-02-13,12180.0
1687,1849,1211,2021-01-21,2022-03-09,28409.0
1690,1165,842,2020-06-09,2023-06-24,40978.0
1692,1608,1752,2021-04-14,2023-12-18,16258.0
1693,1195,2156,2021-10-06,2023-07-13,6063.0
1694,1553,1640,2021-09-20,2023-09-19,22003.0
1697,751,1790,2022-02-26,2022-10-14,11135.0
1698,1321,735,2020-08-12,2021-10-03,10260.0
1699,987,220,2022-07-28,2023-10-05,19869.0
1701,831,2274,2020-01-02,2020-07-17,9852.0
1702,456,409,2022-03-16,2023-07-26,20824.0
1704,1835,1728,2020-09-27,2021-04-10,35025.0
1707,672,2320,2022-02-08,2023-10-10,19880.0
1708,823,818,2021-03-29,2022-06-08,8652.0
1709,359,1443,2020-03-10,2023-12-20,12373.0
1710,1136,2468,2021-04-12,2021-10-29,35542.0
1712,855,2995,2021-11-05,2022-11-27,36153.0
1713,1066,2233,2023-01-21,2023-02-18,35009.0
1714,811,2637,2023-05-15,2023-09-16,33768.0
1716,1545,2001,2022-07-26,2023-02-05,14799.0
1719,776,2475,2023-07-30,2023-09-16,7259.0
1720,1741,1123,2021-12-14,2022-11-29,46558.0
1724,929,2920,2022-10-02,2023-06-08,36039.0
1725,343,1832,2023-01-23,2023-08-22,17333.0
1727,1568,1007,2021-08-26,2023-04-11,30253.0
1729,186,1956,2021-08-15,2022-07-31,6232.0
1732,1006,487,2020-01-16,2023-12-05,30172.0
1733,1566,721,2023-07-12,2023-12-02,19143.0
1734,195,76,2022-03-30,2023-06-06,27149.0
1735,1243,1353,2021-01-25,2022-12-15,23398.0
1737,484,1998,2021-11-10,2022-11-24,38748.0
1738,1550,1352,2022-12-24,2023-08-29,28380.0
1739,1214,758,2023-06-14,2024-01-01,33324.0
1741,1393,2554,2021-09-27,2022-03-23,20104.0
1742,1661,2319,2022-07-03,2023-07-26,36038.0
1743,1759,2460,2023-04-03,2023-05-04,7425.0
1744,1726,2616,2021-06-06,2022-10-05,40032.0
1746,1517,2027,2023-01-02,2023-11-05,35038.0
1747,1106,2876,2021-11-26,2022-01-12,24135.0
1749,1773,2881,2022-01-06,2022-02-13,5760.0
1750,1136,346,2023-03-03,2023-04-22,32183.0
1751,1841,72,2021-07-03,2022-09-19,49940.0
1752,558,104,2020-04-20,2022-11-24,5644.0
1753,452,176,2020-04-19,2023-03-13,43922.0
1754,52,2654,2022-11-03,2023-11-23,33209.0
1755,1010,2499,2022-10-28,2023-02-13,34979.0
1757,1942,1985,2020-09-05,2021-11-14,38593.0
1758,1951,1782,2021-09-19,2022-01-04,28680.0
1759,1016,1664,2020-03-31,2021-04-05,23436.0
1760,1837,2226,2021-06-06,2021-09-01,14824.0
1762,1996,2437,2023-02-18,2023-07-05,12868.0
1764,1921,232,2020-03-06,2021-02-22,10283.0
1765,54,1412,2020-04-19,2021-11-03,11813.0
1766,1097,3000,2021-06-26,2021-11-23,47651.0
1767,1129,2989,2020-07-25,2023-10-20,18210.0
1768,1471,2565,2021-02-19,2022-09-25,25678.0
1769,996,109,2020-01-19,2020-09-11,33466.0
1770,1447,498,2023-07-14,2023-10-07,41837.0
1771,864,97,2021-11-29,2023-11-05,40208.0
1772,1198,2181,2023-04-30,2023-08-03,21660.0
1773,684,1709,2020-06-21,2021-09-10,7507.0
1774,1455,1233,2022-12-08,2023-12-08,41397.0
1775,569,2006,2020-10-18,2022-01-29,42857.0
1776,689,838,2020-10-01,2021-05-02,32067.0
1777,1917,929,2022-06-29,2022-07-17,30820.0
1778,90,53,2021-11-15,2023-05-05,46412.0
1780,1112,591,2020-06-08,2023-12-03,34469.0
1782,853,2931,2022-08-27,2023-09-11,29933.0
1783,1078,2751,2022-05-14,2022-12-25,49607.0
1785,1268,2699,2021-07-01,2022-05-20,40145.0
1786,1449,21,2023-12-12,2023-12-19,15283.0
1787,1803,67,2023-06-16,2023-09-21,49479.0
1788,1036,924,2021-02-13,2021-03-29,39784.0
1791,1840,2109,2020-05-04,2021-01-08,12052.0
1793,667,1186,2021-04-28,2021-07-19,24408.0
1794,1346,1423,2023-05-04,2023-07-08,10630.0
1797,1873,2045,2021-01-06,2021-12-11,38008.0
1800,351,820,2023-02-07,2023-10-24,14182.0
1802,1877,621,2022-08-27,2023-04-18,42462.0
1803,77,55,2021-03-25,2023-07-09,29924.0
1805,787,2227,2021-04-07,2021-05-13,24616.0
1806,1647,977,2023-01-25,2023-12-28,25084.0
1807,1083,383,2021-01-29,2022-07-31,40128.0
1809,1562,2099,2021-08-24,2023-12-18,27756.0
1810,942,2759,2020-07-30,2022-04-18,16496.0
1812,1683,367,2022-01-31,2022-11-18,48028.0
1814,1838,1997,2023-06-05,2023-07-20,41084.0
1816,1882,2796,2022-06-30,2022-12-27,36084.0
1818,232,625,2020-01-19,2020-09-09,9740.0
1819,1376,158,2021-01-02,2023-09-28,15885.0
1820,229,358,2023-11-18,2023-11-20,46838.0
1822,639,2534,2022-12-16,2023-10-19,41002.0
1823,1373,2031,2022-10-25,2023-04-10,30999.0
1824,1264,2403,2022-03-24,2023-10-24,46669.0
1826,680,2854,2023-01-25,2023-03-20,46669.0
1827,1365,818,2020-01-31,2020-05-07,25795.0
1828,135,1946,2021-04-18,2022-07-01,25545.0
1829,71,2159,2020-04-04,2023-12-20,13739.0
1831,324,470,2020-11-01,2021-12-25,44976.0
1832,918,2088,2020-11-29,2023-07-31,6131.0
1833,1875,51,2022-08-12,2023-09-05,10038.0
1834,423,379,2023-06-28,2023-08-01,49961.0
1835,62,577,2020-10-17,2023-04-28,21708.0
1836,1870,1199,2022-01-31,2022-08-19,44567.0
1837,77,490,2022-03-15,2022-07-18,19543.0
1838,470,847,2023-10-09,2023-11-22,44511.0
1839,1191,1601,2022-01-20,2022-09-05,33029.0
1840,719,2877,2023-07-10,2023-08-11,44373.0
1844,1714,2453,2023-01-25,2023-11-07,25319.0
1846,476,1489,2022-11-30,2022-12-31,35747.0
1847,1861,2898,2022-05-09,2023-03-13,20187.0
1848,1577,2466,2020-04-18,2022-06-28,40921.0
1849,30,2975,2021-05-10,2021-11-27,11798.0
1852,1120,433,2022-10-18,2023-04-22,47666.0
1853,1282,1468,2020-09-27,2022-12-12,38545.0
1854,1099,2985,2022-01-08,2023-01-18,32343.0
1856,858,1436,2020-03-09,2023-01-23,11075.0
1857,504,2893,2021-12-05,2022-12-16,5935.0
1859,271,2942,2022-02-19,2023-10-17,32469.0
1860,492,2119,2023-09-04,2023-12-07,30473.0
1861,316,197,2023-03-06,2023-10-09,35149.0
1862,1263,2209,2021-10-14,2022-05-10,26348.0
1864,298,2198,2022-04-20,2023-12-20,46430.0
1866,1811,316,2021-06-13,2023-11-10,35725.0
1867,1982,543,2020-10-10,2021-05-21,30699.0
1868,1417,1354,2021-12-07,2023-05-17,17502.0
1870,1583,1199,2023-07-13,2023-12-27,44704.0
1873,1831,1430,2020-03-14,2022-01-16,9111.0
1874,813,2080,2020-02-29,2020-10-13,29435.0
1875,941,2339,2023-09-17,2023-12-14,13943.0
1876,1217,305,2022-06-09,2023-08-17,26448.0
1877,1352,1073,2021-08-08,2023-06-13,25947.0
1878,1665,2461,2022-12-19,2023-03-06,16156.0
1879,1249,1740,2022-10-25,2023-03-04,29979.0
1881,1129,1134,2023-02-19,2023-05-08,6917.0
1882,674,513,2023-01-12,2023-03-05,28236.0
1883,359,239,2023-12-04,2023-12-22,8464.0
1884,482,940,2022-10-24,2023-10-19,49301.0
1887,205,1450,2023-10-21,2023-12-11,9440.0
1889,248,2599,2022-04-14,2022-06-08,45260.0
1891,605,363,2020-06-18,2022-05-13,41246.0
1892,272,2479,2020-07-08,2021-08-23,27936.0
1894,389,302,2022-05-04,2023-10-06,6873.0
1897,932,2121,2023-10-30,2023-12-11,33032.0
1898,1696,1495,2020-08-14,2022-11-03,38089.0
1902,623,848,2022-11-06,2023-05-22,18158.0
1903,324,1125,2023-06-21,2023-07-01,21089.0
1904,295,1505,2020-01-15,2021-07-24,48720.0
1905,1765,2837,2020-04-12,2021-04-14,43398.0
1907,1573,845,2021-10-29,2021-11-18,46520.0
1908,775,765,2020-12-02,2021-05-12,13361.0
1910,1501,611,2021-08-10,2023-08-26,6944.0
1911,739,2765,2022-06-29,2023-12-10,6064.0
1912,965,1316,2022-01-14,2023-03-06,41909.0
1914,1257,869,2021-09-12,2021-09-22,43605.0
1915,1623,279,2020-03-01,2021-10-22,36539.0
1916,385,97,2020-09-19,2023-05-08,27436.0
1919,1640,2968,2022-12-01,2023-09-27,43827.0
1920,197,976,2021-06-28,2022-06-09,23330.0
1922,1796,778,2023-09-12,2023-09-12,5368.0
1923,1326,742,2022-02-14,2022-06-09,5567.0
1925,1145,1453,2022-04-09,2022-11-02,24367.0
1927,1367,57,2020-11-19,2021-05-11,23438.0
1929,688,2949,2021-06-16,2023-02-12,43518.0
1931,884,2846,2023-05-16,2023-11-10,20324.0
1932,1765,2754,2023-05-24,2023-06-09,27846.0
1933,1110,504,2021-04-07,2022-04-13,32720.0
1934,1112,1724,2020-02-15,2020-09-22,33575.0
1936,519,1130,2023-11-29,2024-01-01,13583.0
1938,21,2333,2022-12-09,2023-05-14,40579.0
1939,1655,1250,2020-11-15,2023-05-31,33505.0
1941,213,2712,2022-01-26,2023-04-06,18578.0
1942,190,790,2022-12-13,2023-11-17,16616.0
1945,418,2328,2020-07-28,2022-02-13,36206.0
1946,212,2175,2021-10-07,2022-12-15,41765.0
1947,1835,2239,2022-11-24,2023-06-02,25290.0
1949,849,445,2021-10-06,2021-11-05,22471.0
1950,1374,425,2020-05-09,2021-05-28,7746.0
1951,496,1793,2023-11-09,2023-12-13,19613.0
1952,1708,2222,2020-07-28,2023-12-11,17909.0
1955,1164,133,2022-02-01,2023-09-25,15645.0
1956,674,995,2022-07-30,2023-08-18,35549.0
1957,1811,1918,2022-02-26,2023-03-12,26265.0
1959,566,217,2020-12-03,2022-06-28,49945.0
1961,1717,322,2022-08-25,2023-01-09,49538.0
1962,1327,2300,2020-04-18,2021-03-09,42789.0
1963,673,1660,2021-12-18,2022-09-24,14103.0
1964,543,337,2020-02-17,2021-04-07,33876.0
1965,574,1774,2022-10-30,2023-05-12,38754.0
1966,1307,539,2022-12-03,2023-10-17,12913.0
1968,1385,1089,2021-07-18,2023-08-05,37550.0
1969,1568,1641,2021-11-05,2022-12-14,46454.0
1970,373,436,2020-12-17,2023-04-19,20333.0
1973,509,2638,2023-03-17,2023-07-28,17899.0
1974,1353,250,2020-05-12,2023-09-15,19296.0
1975,1433,1305,2023-04-17,2023-08-25,48565.0
1976,474,116,2022-07-14,2023-08-02,13262.0
1977,1923,1950,2021-03-24,2023-02-11,37671.0
1978,672,2772,2020-05-02,2023-01-21,29481.0
1980,219,2545,2021-10-22,2022-06-18,18172.0
1981,314,2170,2021-10-16,2022-05-05,32303.0
1982,1200,35,2020-08-04,2020-10-31,27124.0
1983,998,1843,2023-11-06,2023-12-11,16121.0
1986,1642,2544,2020-02-23,2021-09-10,12867.0
1988,1795,2631,2022-03-27,2022-08-21,11078.0
1989,1358,2868,2023-02-23,2023-12-04,45304.0
1990,507,1882,2022-04-17,2023-07-24,22298.0
1991,755,2482,2021-05-17,2021-07-06,35663.0
1992,129,2094,2022-10-24,2023-02-18,30753.0
1993,681,421,2023-07-17,2023-10-12,14455.0
1994,238,75,2022-06-14,2022-10-10,38676.0
1996,148,544,2021-04-09,2022-03-27,24262.0
1998,38,711,2020-07-19,2023-09-15,23297.0
1999,1854,1533,2022-06-12,2023-04-25,44838.0
2000,1406,2495,2022-11-13,2023-09-15,20460.0
2001,1831,235,2021-05-17,2023-07-20,44905.0
2002,1617,2967,2021-10-19,2023-12-03,16198.0
2003,1903,1109,2020-07-18,2023-09-05,11738.0
2006,1911,1408,2023-10-19,2023-10-19,23416.0
2007,1212,241,2020-12-01,2022-09-15,32955.0
2008,1910,1392,2022-10-21,2023-07-04,14901.0
2010,556,293,2022-08-25,2023-02-28,30973.0
2011,299,1336,2022-08-21,2023-02-15,28447.0
2012,344,1417,2023-05-24,2023-09-17,30999.0
2014,1897,1325,2021-12-15,2023-07-17,40539.0
2017,179,2152,2021-04-02,2022-01-17,34424.0
2019,208,1149,2021-08-31,2023-12-19,22966.0
2020,1993,2431,2023-03-27,2023-08-13,48067.0
2021,1433,646,2022-02-12,2023-06-13,9646.0
2022,1839,614,2021-11-29,2022-06-23,36323.0
2023,602,1102,2020-07-29,2021-07-24,39711.0
2024,37,2626,2022-01-28,2023-09-15,40049.0
2026,1142,2810,2020-06-09,2020-11-05,45708.0
2027,1042,714,2020-02-01,2023-01-11,15180.0
2028,937,782,2023-08-28,2023-09-01,21563.0
2029,1615,2470,2021-09-22,2022-02-10,6162.0
2030,236,259,2020-05-19,2020-08-26,46994.0
2031,1150,951,2023-07-07,2023-09-19,33231.0
2032,187,1655,2022-01-08,2023-10-27,46017.0
2033,469,5,2023-09-03,2023-09-27,37788.0
2035,1708,2368,2022-11-18,2023-05-17,21675.0
2037,1785,2905,2022-01-13,2022-10-25,18708.0
2038,79,2662,2022-12-17,2023-06-22,43908.0
2040,655,1975,2021-03-14,2023-12-31,6928.0
2041,526,281,2020-05-05,2021-08-07,40918.0
2042,1582,1951,2022-04-03,2023-08-12,11703.0
2043,551,1579,2023-01-14,2023-09-21,11563.0
2047,1526,1638,2023-09-24,2023-11-15,5586.0
2050,1205,699,2023-02-27,2023-05-09,40636.0
2052,340,2961,2022-06-13,2023-01-15,42316.0
2054,1662,2531,2023-03-19,2023-07-12,25815.0
2056,1875,2745,2022-08-30,2023-06-17,47420.0
2057,135,1777,2021-10-15,2023-07-15,46414.0
2058,1936,2020,2021-02-18,2021-02-28,40977.0
2059,1832,2482,2022-07-06,2023-07-13,42067.0
2060,827,2529,2020-05-30,2022-12-23,11267.0
2061,802,2812,2020-08-07,2021-09-07,24359.0
2062,797,1109,2023-02-09,2023-11-21,6593.0
2063,1554,1211,2022-04-11,2022-10-01,14188.0
2064,1219,1271,2022-11-25,2023-02-11,18605.0
2065,1908,2551,2023-07-01,2023-11-04,20271.0
2069,379,2901,2023-07-18,2023-10-16,25028.0
2070,1456,2936,2023-08-30,2023-11-15,6606.0
2071,1997,1312,2020-09-10,2022-03-15,5516.0
2072,126,42,2020-10-11,2021-11-02,20628.0
2073,110,1032,2023-07-15,2023-12-01,10952.0
2074,1546,1057,2020-08-27,2023-01-26,42153.0
2076,662,2739,2021-10-09,2022-12-31,22123.0
2077,294,1348,2020-03-24,2023-10-27,15299.0
2078,1339,2419,2023-03-04,2023-10-11,28221.0
2081,1499,129,2021-04-04,2022-03-16,19776.0
2082,944,372,2022-01-04,2022-01-26,33170.0
2083,255,2272,2020-11-09,2021-04-23,19999.0
2084,1172,857,2021-10-14,2022-04-19,11509.0
2085,137,1393,2022-10-04,2023-01-13,49542.0
2086,1760,1150,2022-04-05,2023-03-28,31378.0
2087,67,2830,2022-01-08,2023-08-15,8056.0
2088,1807,2584,2022-09-12,2023-08-19,13968.0
2089,1620,427,2022-05-23,2022-06-06,10696.0
2090,165,2513,2021-02-22,2023-07-04,7710.0
2091,1174,2324,2020-08-29,2023-08-08,26290.0
2092,1102,434,2022-02-22,2022-07-07,23755.0
2093,949,1814,2021-03-26,2021-09-08,8744.0
2094,479,1813,2023-09-03,2023-12-27,35896.0
2095,1286,2079,2022-09-10,2023-09-14,44242.0
2096,672,1241,2022-08-27,2023-01-14,49876.0
2097,1025,223,2021-07-03,2022-12-16,44847.0
2098,1768,2399,2021-03-16,2023-07-18,21422.0
2100,1257,2567,2020-07-12,2022-10-04,14580.0
2101,1917,338,2020-09-14,2021-10-26,18421.0
2102,82,1402,2020-03-05,2021-01-31,40321.0
2103,686,2013,2022-02-11,2023-12-15,45911.0
2104,326,669,2020-06-23,2023-04-22,33624.0
2105,1630,939,2022-03-17,2023-11-26,39877.0
2106,94,1629,2023-03-23,2023-04-24,35629.0
2107,369,1074,2021-12-11,2023-10-01,48044.0
2109,1073,2183,2020-06-10,2022-04-14,8679.0
2111,1529,2520,2022-08-04,2023-07-04,11462.0
2113,431,1597,2023-03-01,2023-12-25,28734.0
2114,1074,1222,2021-11-24,2021-12-17,46505.0
2115,124,1986,2021-06-14,2023-07-20,49987.0
2118,1169,2592,2021-03-14,2022-05-03,45031.0
2120,1565,948,2020-11-13,2021-11-28,35241.0
2121,78,155,2022-09-02,2023-02-25,44425.0
2123,705,388,2021-01-17,2022-11-30,42932.0
2124,48,504,2021-04-14,2022-11-14,42625.0
2125,532,1410,2020-06-02,2022-09-20,44975.0
2127,517,419,2023-08-29,2023-09-09,8253.0
2128,462,1227,2023-05-12,2023-05-22,16911.0
2130,1283,2152,2021-02-02,2021-12-12,10998.0
2131,630,2925,2020-08-15,2022-05-03,7363.0
2132,246,2626,2021-11-11,2023-09-22,15457.0
2133,1155,552,2023-11-09,2023-12-31,7588.0
2134,1747,1811,2022-06-28,2023-08-23,8006.0
2135,246,1432,2023-04-26,2023-11-26,36000.0
2136,114,1710,2021-12-10,2022-08-27,8465.0
2137,1149,1591,2023-12-16,2023-12-31,16637.0
2138,208,2172,2022-04-12,2022-10-16,44772.0
2140,792,2247,2021-02-25,2021-04-30,35616.0
2141,441,2844,2023-01-13,2023-03-31,11370.0
2142,1713,1768,2021-02-27,2022-02-01,25497.0
2143,958,2022,2022-01-31,2022-11-17,43071.0
2145,681,2489,2020-04-10,2022-08-13,41869.0
2146,1741,756,2021-12-18,2023-02-02,10747.0
2147,1060,247,2022-07-02,2023-05-21,29613.0
2148,899,1487,2021-10-02,2023-03-12,31493.0
2149,444,2663,2020-01-10,2020-07-30,15791.0
2150,627,1306,2022-06-13,2023-01-29,18394.0
2151,1879,606,2023-03-14,2023-10-12,27044.0
2152,579,1314,2021-12-04,2023-02-10,12779.0
2153,207,1071,2023-08-17,2023-11-09,10220.0
2154,273,1052,2022-07-18,2023-07-28,30632.0
2155,1152,607,2022-11-05,2023-06-02,35857.0
2156,123,119,2023-01-13,2023-05-17,39016.0
2157,374,144,2023-04-03,2023-08-05,36401.0
2158,88,1807,2021-03-29,2022-05-08,21805.0
2159,18,1141,2020-03-19,2022-08-19,17014.0
2160,794,198,2020-12-31,2021-12-22,12317.0
2161,1522,1563,2020-06-02,2020-10-21,41089.0
2162,566,327,2023-06-19,2023-11-09,30313.0
2163,152,1918,2022-02-16,2022-11-23,49957.0
2164,1688,687,2022-03-26,2022-05-12,41061.0
2165,1726,1972,2021-07-07,2022-01-11,16709.0
2166,994,2751,2021-03-27,2021-09-07,33728.0
2167,237,1660,2021-11-21,2022-09-26,13194.0
2168,1165,2916,2022-02-27,2022-10-02,40744.0
2170,84,1928,2020-02-05,2023-02-15,13625.0
2171,549,253,2022-10-06,2023-08-02,9414.0
2173,1821,1180,2022-07-13,2023-04-12,28692.0
2174,856,1617,2021-07-13,2023-03-03,39978.0
2177,1330,2549,2022-05-11,2022-06-05,46780.0
2178,994,127,2020-02-10,2021-06-09,39802.0
2179,1526,2229,2021-04-04,2023-08-27,41055.0
2180,1276,865,2022-10-02,2023-02-03,39569.0
2182,961,956,2020-04-06,2023-10-30,22798.0
2185,958,735,2020-04-18,2023-04-01,21780.0
2186,190,792,2021-04-29,2023-12-10,32098.0
2187,1033,646,2023-03-18,2023-11-08,21194.0
2188,1024,2767,2022-02-27,2022-05-10,26998.0
2189,1029,2631,2023-08-01,2023-10-04,7927.0
2192,1027,2537,2021-10-21,2022-08-21,6873.0
2193,1485,1656,2022-04-09,2022-08-05,28990.0
2194,1449,1529,2022-07-27,2022-10-12,49246.0
2195,294,711,2020-04-08,2021-03-23,20522.0
2196,1072,1455,2023-12-21,2023-12-21,23977.0
2197,6,2910,2020-05-17,2021-11-10,33953.0
2198,344,1909,2020-05-05,2021-10-30,13524.0
2202,24,917,2023-01-09,2023-09-30,14361.0
2203,1878,284,2022-10-16,2023-03-19,8675.0
2204,942,1948,2023-02-19,2023-11-08,48033.0
2205,1320,436,2023-09-22,2023-11-06,30971.0
2206,172,2309,2023-01-12,2023-02-28,21980.0
2209,787,2267,2021-05-17,2022-07-15,40466.0
2210,17,2515,2020-08-03,2023-03-01,30690.0
2213,1276,1569,2021-12-18,2022-04-08,9011.0
2214,1096,255,2022-08-29,2023-06-07,19150.0
2216,1716,1043,2023-04-14,2023-09-02,12839.0
2217,1390,2630,2021-05-07,2022-08-08,21433.0
2219,875,2899,2020-06-05,2020-06-25,40697.0
2220,486,1752,2020-05-05,2020-11-25,12997.0
2222,1801,2870,2023-09-01,2023-12-06,30814.0
2223,1255,2348,2022-11-06,2023-01-13,13066.0
2225,472,2264,2023-02-22,2023-04-24,13912.0
2227,1658,77,2020-12-22,2021-01-07,31071.0
2229,525,1139,2021-09-30,2021-10-06,6094.0
2230,959,1202,2021-04-13,2023-11-11,49048.0
2231,913,36,2020-01-08,2020-12-11,9270.0
2232,142,2313,2020-02-21,2021-02-22,43803.0
2233,161,157,2022-07-05,2023-05-26,49690.0
2234,224,166,2021-04-17,2022-11-21,15304.0
2235,930,2624,2021-05-31,2023-02-02,8218.0
2237,571,645,2022-02-02,2023-05-30,11078.0
2238,761,2831,2021-05-02,2023-02-16,48784.0
2239,68,22,2022-08-05,2023-01-21,21319.0
2240,1143,1996,2022-10-13,2023-10-09,40089.0
2241,952,1149,2020-03-06,2020-10-27,35597.0
2242,1422,807,2020-12-07,2020-12-18,9717.0
2243,1832,2587,2021-11-01,2023-02-07,8938.0
2244,615,2143,2020-04-16,2023-11-01,43310.0
2245,953,2334,2023-09-23,2023-12-03,27020.0
2247,737,2785,2020-08-30,2020-10-09,28958.0
2248,246,958,2023-10-27,2023-11-05,25627.0
2249,856,2066,2022-11-08,2023-06-20,32149.0
2250,557,2141,2020-01-22,2021-05-09,17555.0
2251,474,20,2023-06-09,2023-09-14,18758.0
2252,1434,1284,2020-12-31,2021-12-02,20270.0
2253,1629,1025,2020-01-19,2020-03-17,13567.0
2254,1174,920,2020-05-05,2023-10-23,35771.0
2255,360,1719,2022-10-29,2022-12-21,46987.0
2257,1778,2148,2020-03-23,2021-09-21,5832.0
2259,149,1553,2021-03-09,2021-07-31,13066.0
2260,1315,515,2020-06-08,2021-08-21,43210.0
2261,1770,829,2021-01-09,2021-08-04,17550.0
2265,1649,2298,2022-09-27,2022-12-13,19325.0
2266,668,61,2022-01-28,2022-11-07,42019.0
2267,976,1605,2022-06-03,2023-05-26,32827.0
2268,1246,1008,2022-09-13,2022-11-11,48918.0
2270,1240,648,2021-11-11,2022-03-17,14983.0
2271,1713,2504,2020-03-08,2022-03-07,21417.0
2272,1141,743,2023-06-07,2023-11-07,8958.0
2273,1516,1337,2021-05-16,2022-10-03,29874.0
2275,941,1483,2020-08-29,2021-09-23,6180.0
2276,183,287,2023-07-22,2023-11-20,41241.0
2278,1821,2172,2020-01-24,2023-01-13,45065.0
2279,1878,2509,2021-07-11,2022-10-01,29952.0
2280,1035,2644,2023-06-21,2023-11-30,18338.0
2281,1481,842,2022-11-23,2022-12-14,24584.0
2282,1225,2536,2023-07-30,2023-09-29,14816.0
2283,1461,150,2023-11-15,2023-11-29,15092.0
2284,1866,2820,2023-02-01,2023-05-26,43568.0
2285,672,1131,2022-01-09,2023-01-29,31130.0
2287,1999,626,2020-08-21,2021-03-12,9082.0
2288,410,2220,2021-04-15,2023-08-22,14408.0
2290,1102,1766,2021-08-28,2022-01-10,8621.0
2292,1283,1379,2020-04-06,2022-10-12,33226.0
2295,1776,2496,2023-11-22,2023-12-09,7609.0
2296,730,1871,2021-04-06,2022-10-19,38883.0
2300,1262,790,2023-03-23,2023-08-15,19060.0
2301,1068,2320,2022-10-03,2023-04-24,29456.0
2302,1311,658,2023-09-19,2023-12-07,33121.0
2303,368,1143,2020-07-26,2020-08-22,10624.0
2304,724,2378,2023-10-16,2023-12-04,44968.0
2305,896,2408,2022-07-09,2022-08-06,48880.0
2306,1377,2356,2021-04-02,2022-10-12,29911.0
2307,833,1151,2020-11-18,2021-06-30,32703.0
2308,808,249,2020-07-05,2021-03-17,37300.0
2309,540,2082,2022-11-25,2023-07-13,19986.0
2310,1349,1269,2021-07-10,2022-10-28,31093.0
2311,1313,1859,2020-02-04,2020-06-22,44677.0
2312,1766,1410,2022-04-19,2023-01-19,20027.0
2318,134,1941,2020-01-26,2020-02-20,27289.0
2319,1473,1202,2021-11-20,2023-10-09,49768.0
2320,37,2026,2023-10-28,2023-11-25,28969.0
2324,635,2083,2021-04-27,2021-10-20,6805.0
2325,22,1484,2022-12-24,2023-01-02,10372.0
2327,553,21,2023-05-06,2023-11-26,45402.0
2329,852,15,2021-05-30,2021-07-17,7828.0
2330,870,2163,2022-01-03,2023-09-29,17326.0
2331,1360,1005,2022-02-04,2022-11-14,18804.0
2332,1760,458,2021-05-27,2023-08-26,8306.0
2333,826,2167,2021-04-26,2022-12-28,7312.0
2334,473,1171,2020-10-14,2023-10-20,34905.0
2335,14,1903,2022-10-21,2023-08-22,31325.0
2336,1494,523,2022-05-23,2022-08-23,9367.0
2337,54,1538,2023-05-24,2023-07-15,46276.0
2338,1358,513,2023-07-03,2023-08-22,33192.0
2339,1472,1185,2022-01-14,2023-03-13,5148.0
2340,621,2443,2023-08-01,2023-08-17,33585.0
2343,1074,588,2022-07-10,2023-01-16,29202.0
2344,985,1218,2021-11-30,2022-10-26,42591.0
2347,1174,223,2020-04-04,2021-11-26,22341.0
2348,713,260,2022-11-25,2023-12-19,20849.0
2349,435,2251,2020-11-03,2022-06-18,47150.0
2351,722,637,2020-06-15,2022-08-04,23185.0
2353,1747,2604,2022-07-06,2023-03-09,16723.0
2354,969,1008,2022-08-06,2023-05-15,18608.0
2357,1645,1382,2023-04-10,2023-04-29,45753.0
2359,1847,189,2020-02-07,2021-05-01,25237.0
2360,292,2584,2020-07-17,2023-10-09,20453.0
2361,98,2948,2022-07-26,2023-07-13,29295.0
2362,1479,609,2023-01-14,2023-09-20,24071.0
2363,1995,825,2022-09-26,2023-07-13,25396.0
2364,1799,2503,2022-04-15,2022-04-24,46034.0
2365,389,1505,2022-12-02,2023-05-20,19121.0
2366,598,2411,2021-01-17,2022-09-06,22682.0
2367,1959,2243,2022-03-02,2023-01-06,44258.0
2369,1909,569,2020-02-16,2020-10-08,49358.0
2370,357,388,2023-07-27,2023-08-19,23216.0
2371,973,971,2020-01-28,2021-04-27,41413.0
2372,1443,2497,2020-12-14,2023-08-03,23642.0
2373,1470,304,2022-10-13,2023-08-26,32462.0
2374,628,739,2023-08-26,2023-12-30,43840.0
2376,843,2706,2022-05-22,2022-10-30,21012.0
2377,701,423,2023-01-26,2023-10-29,33156.0
2379,913,184,2020-07-20,2021-12-26,9127.0
2380,278,2757,2021-04-02,2023-09-27,42898.0
2381,141,1548,2021-05-15,2023-08-31,16979.0
2385,1053,647,2023-01-03,2023-06-19,22687.0
2386,1355,2073,2023-10-12,2023-12-24,26115.0
2387,1571,1300,2023-02-22,2023-09-30,26614.0
2388,1318,282,2021-07-14,2023-01-12,15643.0
2389,143,1459,2022-01-28,2022-05-02,38798.0
2390,574,704,2021-01-29,2021-06-18,30338.0
2391,1334,2938,2020-08-26,2022-07-02,44308.0
2392,1407,1680,2021-10-31,2021-11-02,8452.0
2393,1953,2485,2020-08-19,2021-09-03,47088.0
2395,338,2858,2020-01-05,2021-12-23,47658.0
2396,1911,384,2022-12-06,2023-10-31,36077.0
2398,740,324,2021-11-07,2023-01-25,31486.0
2400,1677,1174,2022-02-05,2022-11-01,32343.0
2401,1905,1796,2020-02-07,2021-01-29,48731.0
2402,1079,2473,2021-01-29,2021-11-25,45308.0
2404,1,871,2020-11-26,2021-12-10,18487.0
2405,198,2744,2020-05-05,2022-03-02,19691.0
2406,1820,1435,2022-06-05,2022-12-28,15860.0
2407,1168,1645,2021-11-09,2022-07-04,34633.0
2408,1506,2824,2020-02-14,2021-07-15,22044.0
2410,1087,2128,2023-08-31,2023-12-22,9859.0
2411,1081,2480,2023-10-28,2024-01-01,28890.0
2415,38,554,2020-10-23,2022-05-16,22052.0
2417,305,2565,2020-08-28,2020-09-28,44554.0
2418,1180,1324,2021-01-08,2023-09-23,17936.0
2421,879,253,2022-12-14,2023-08-09,20115.0
2422,695,1140,2022-05-11,2023-10-20,19977.0
2423,1391,92,2021-10-11,2023-06-18,30072.0
2425,672,1395,2020-05-17,2020-07-25,8885.0
2426,1811,544,2022-09-24,2023-01-31,46257.0
2427,1410,1146,2021-06-21,2022-06-03,19140.0
2430,313,2166,2021-08-31,2022-02-05,21690.0
2435,184,766,2023-06-22,2023-08-21,15763.0
2436,1366,1311,2023-11-21,2023-12-24,15103.0
2439,22,1340,2021-10-08,2023-06-03,26149.0
2440,39,2408,2021-01-21,2023-08-04,47857.0
2442,1018,2664,2021-07-25,2022-10-23,10608.0
2443,685,2188,2021-11-26,2022-03-13,8313.0
2444,1664,948,2020-04-07,2022-04-28,28191.0
2446,131,838,2020-01-20,2021-07-13,42568.0
2447,327,651,2022-12-17,2023-05-17,33335.0
2450,577,2507,2021-07-25,2022-02-21,18424.0
2451,1663,2497,2022-10-14,2023-03-02,14045.0
2452,253,517,2022-01-28,2022-11-15,19276.0
2453,1437,2506,2022-08-10,2023-10-04,10353.0
2454,1824,1679,2022-03-10,2023-01-17,8042.0
2457,506,614,2021-11-20,2022-03-04,13200.0
2458,1640,2221,2021-04-14,2022-09-17,20714.0
2459,1246,2411,2020-07-20,2021-03-29,13941.0
2460,1931,2844,2023-09-26,2023-10-13,6324.0
2461,1460,1789,2023-02-25,2023-08-21,47748.0
2462,608,2033,2021-02-09,2022-10-23,25663.0
2463,793,278,2021-09-12,2023-07-13,8746.0
2464,1125,471,2021-11-08,2022-04-13,15571.0
2465,1087,2852,2023-10-13,2023-11-30,32042.0
2466,231,373,2022-08-24,2023-08-25,23818.0
2467,213,1441,2023-09-21,2023-10-14,26454.0
2468,784,2689,2020-08-07,2023-08-21,26271.0
2469,427,2856,2020-03-10,2021-02-08,28897.0
2470,75,2938,2022-12-18,2023-09-27,37858.0
2471,806,1856,2021-02-13,2022-07-26,42143.0
2473,1027,1903,2021-11-01,2023-03-01,21579.0
2474,800,910,2023-05-30,2023-09-09,5835.0
2475,574,2988,2020-08-26,2022-03-26,28004.0
2476,1265,1552,2020-01-20,2022-01-14,24043.0
2477,1977,1169,2020-03-18,2021-05-12,47341.0
2478,606,1139,2020-12-28,2022-02-11,15010.0
2479,751,1444,2021-08-14,2021-12-26,39150.0
2482,677,622,2022-01-22,2023-09-06,44962.0
2485,335,1394,2022-06-22,2022-12-11,16133.0
2486,1900,1847,2021-10-03,2021-11-04,38394.0
2492,1475,1173,2021-03-20,2021-07-06,20419.0
2493,1673,1304,2022-03-20,2023-12-30,35950.0
2494,1798,2181,2023-08-05,2023-10-11,7450.0
2495,1465,1281,2021-09-17,2021-11-27,15779.0
2496,798,638,2021-04-27,2023-11-12,21221.0
2497,1129,2830,2021-08-20,2023-07-21,37846.0
2499,1583,1101,2020-11-07,2023-09-16,36476.0
2500,134,1450,2022-10-23,2023-04-20,24946.0
2502,1823,963,2020-04-09,2022-09-25,20327.0
2504,1619,1638,2023-11-11,2023-12-20,43835.0
2506,936,1523,2020-10-14,2021-01-18,33440.0
2507,1146,2440,2023-09-01,2023-11-14,33855.0
2508,1855,2559,2023-08-13,2023-09-07,6396.0
2510,521,992,2023-03-22,2023-04-09,26618.0
2511,549,1287,2023-10-25,2023-11-05,15114.0
2513,1984,2680,2020-08-10,2021-02-16,43573.0
2515,1020,2950,2020-12-29,2021-07-17,48309.0
2517,1548,2297,2022-02-09,2023-06-16,34410.0
2518,427,28,2023-08-30,2023-10-26,6604.0
2519,1712,651,2020-05-01,2023-03-01,18543.0
2520,263,2942,2022-06-11,2022-09-02,34808.0
2522,1046,1443,2022-03-23,2022-09-01,14753.0
2523,1215,2068,2022-11-15,2023-10-26,6096.0
2526,1834,2872,2020-09-06,2021-03-13,6638.0
2527,1352,2765,2020-09-08,2023-11-20,46233.0
2528,1398,2285,2020-04-28,2020-07-12,7919.0
2529,1315,1597,2021-12-10,2023-10-13,7934.0
2530,313,545,2022-01-13,2023-05-06,34305.0
2531,1396,133,2023-08-25,2023-10-07,23331.0
2532,879,2582,2023-03-06,2023-11-06,27930.0
2533,1826,896,2023-04-09,2023-09-10,40086.0
2534,45,612,2020-07-18,2022-09-10,29383.0
2535,927,980,2022-06-15,2023-10-24,48726.0
2536,564,99,2020-11-25,2023-04-23,42951.0
2537,1368,1364,2021-11-15,2023-12-18,21023.0
2538,1069,2497,2020-10-09,2023-04-10,31315.0
2539,677,2042,2022-07-07,2022-08-08,12922.0
2540,1120,172,2022-05-29,2023-12-25,35526.0
2541,633,2933,2020-01-16,2023-07-12,46318.0
2542,1598,2323,2020-02-07,2022-01-28,14774.0
2545,1515,1250,2022-07-31,2023-07-03,12971.0
2546,238,1709,2021-09-09,2022-05-13,25218.0
2547,144,507,2022-10-03,2023-07-02,18776.0
2548,1599,261,2021-06-02,2022-11-17,37804.0
2549,413,2516,2020-09-16,2020-11-25,18190.0
2550,324,182,2020-09-29,2023-07-10,32569.0
2551,515,529,2021-02-22,2022-04-26,46514.0
2552,416,2914,2021-12-12,2023-10-07,16047.0
2553,1551,2909,2023-09-13,2023-12-04,32363.0
2555,1630,1368,2022-03-20,2023-11-09,5104.0
2556,555,1308,2021-06-01,2022-04-16,48912.0
2557,1434,2037,2020-04-01,2023-08-17,18614.0
2558,1824,1650,2023-04-05,2023-07-10,22014.0
2559,920,374,2021-11-09,2023-09-05,35858.0
2560,1513,2479,2020-05-01,2022-01-01,16751.0
2562,1194,1842,2022-12-22,2023-03-09,15817.0
2563,1379,2521,2021-10-22,2022-08-16,25442.0
2564,1354,977,2022-10-31,2023-06-12,35067.0
2565,631,2033,2020-08-11,2021-03-22,45753.0
2567,119,185,2023-01-14,2023-04-18,20298.0
2568,106,806,2020-02-27,2021-12-19,38937.0
2569,1017,199,2022-06-27,2023-11-03,8621.0
2570,29,1248,2022-03-12,2022-08-31,11486.0
2573,167,444,2021-12-23,2022-06-14,19783.0
2574,1494,2368,2021-06-27,2023-04-21,20537.0
2575,1998,2984,2021-11-06,2022-11-04,8420.0
2576,1120,2671,2022-02-16,2022-12-29,14453.0
2577,1774,1006,2023-05-03,2023-10-31,40357.0
2578,294,149,2020-12-06,2021-11-22,17705.0
2579,1798,1813,2021-11-18,2023-02-11,8886.0
2580,865,2890,2022-05-16,2023-12-27,31232.0
2582,1904,2649,2023-10-21,2024-01-01,13183.0
2583,1799,1338,2022-02-03,2023-10-20,6887.0
2584,211,2216,2021-06-23,2021-12-17,9572.0
2585,696,2010,2022-01-21,2022-08-26,19807.0
2586,8,597,2020-10-31,2022-01-23,14534.0
2588,1796,2784,2021-01-01,2021-11-15,16687.0
2591,542,2687,2022-04-17,2023-12-08,8480.0
2592,584,2893,2021-04-29,2022-10-31,10609.0
2595,346,63,2020-11-23,2023-05-02,36121.0
2597,1369,2720,2020-07-09,2021-04-16,43141.0
2598,369,2338,2020-12-11,2022-08-22,30588.0
2599,1465,148,2022-04-21,2023-09-22,48896.0
2601,1590,2081,2023-10-14,2023-12-23,19019.0
2603,1476,1340,2021-06-19,2023-03-21,12328.0
2605,1285,617,2021-09-08,2022-03-09,16878.0
2606,584,2447,2023-07-15,2023-12-07,25429.0
2607,1961,1726,2022-04-30,2023-03-02,37037.0
2609,812,831,2021-08-30,2023-04-19,9034.0
2610,1628,2196,2021-03-14,2023-09-14,33073.0
2611,1668,2812,2022-01-09,2023-11-18,6311.0
2613,483,1319,2021-02-16,2022-07-09,26368.0
2615,440,75,2020-10-28,2021-05-15,38924.0
2616,842,2253,2020-02-13,2022-01-03,30049.0
2617,33,2322,2023-04-22,2023-11-05,28569.0
2619,127,2162,2021-06-16,2023-02-16,41412.0
2620,971,2956,2020-05-29,2023-07-21,17826.0
2621,105,461,2021-12-28,2022-10-03,27358.0
2624,1497,1886,2020-02-01,2021-02-07,39696.0
2625,1703,163,2021-10-28,2023-09-28,34580.0
2626,1480,1437,2023-12-03,2023-12-30,20672.0
2627,565,1553,2021-06-03,2022-04-24,25981.0
2628,1848,1924,2021-04-18,2022-03-05,16048.0
2629,1822,1171,2023-02-10,2023-11-17,28928.0
2630,1876,2806,2020-12-30,2022-04-19,36689.0
2632,179,2597,2021-10-01,2022-07-14,5685.0
2633,1805,2077,2023-03-21,2023-08-15,35831.0
2634,1278,2179,2021-08-28,2023-11-10,18674.0
2636,359,1613,2020-12-09,2022-02-22,8000.0
2638,1613,871,2020-03-13,2021-04-10,49077.0
2639,224,1691,2022-07-19,2023-05-26,40550.0
2640,1858,2810,2023-03-19,2023-07-22,27867.0
2641,1787,2931,2021-08-10,2023-06-13,6263.0
2642,1647,740,2020-10-29,2021-05-19,26667.0
2643,1248,1356,2023-09-03,2023-10-12,19977.0
2645,303,2427,2021-10-11,2023-07-04,27519.0
2646,373,2862,2023-02-26,2023-04-11,34868.0
2651,1456,2124,2022-09-09,2022-10-09,42165.0
2652,265,2751,2021-01-31,2023-02-09,5145.0
2655,817,2704,2021-06-13,2022-07-11,30439.0
2658,666,1938,2021-05-29,2021-11-07,14959.0
2659,448,2335,2021-03-05,2022-03-28,12930.0
2660,1594,2058,2020-11-02,2022-07-08,5235.0
2661,471,1089,2020-02-28,2023-08-30,29813.0
2663,1902,687,2021-04-12,2023-08-31,11984.0
2665,748,1938,2021-03-29,2022-05-19,37358.0
2666,882,798,2020-08-22,2022-08-21,13364.0
2668,1193,2188,2022-12-23,2023-03-18,25379.0
2669,1935,719,2023-05-08,2023-05-15,20138.0
2670,782,1901,2022-06-17,2023-10-06,40985.0
2671,756,20,2022-03-28,2022-07-19,49964.0
2672,1159,2300,2021-07-28,2023-06-05,34170.0
2675,180,365,2023-06-15,2023-10-11,11254.0
2676,722,419,2022-07-09,2023-10-29,33988.0
2677,568,1397,2023-07-28,2023-11-13,43343.0
2680,1705,2841,2021-08-24,2023-01-05,22145.0
2681,388,2131,2021-03-17,2022-05-12,12313.0
2682,620,2609,2022-03-25,2023-02-19,12198.0
2683,510,2626,2022-10-25,2023-03-03,9218.0
2684,1387,1464,2020-01-09,2023-09-25,13623.0
2685,1525,781,2020-05-07,2021-05-05,41861.0
2686,771,199,2021-01-26,2022-04-22,38291.0
2687,61,258,2020-10-03,2021-01-17,42715.0
2689,929,2244,2021-06-18,2022-11-26,28864.0
2692,451,622,2023-02-03,2023-12-09,16960.0
2693,652,538,2021-11-22,2023-11-04,7863.0
2694,1210,703,2023-07-13,2023-08-04,49244.0
2696,1768,930,2021-10-15,2023-02-25,17483.0
2699,1574,1145,2021-11-12,2022-11-08,17934.0
2700,540,1038,2022-03-14,2023-04-16,14505.0
2701,69,2416,2021-10-04,2021-10-30,27841.0
2702,1010,401,2020-03-07,2024-01-01,45770.0
2703,60,2401,2022-07-24,2023-05-11,48561.0
2705,705,2620,2023-06-23,2023-12-01,27703.0
2707,1582,2225,2021-07-08,2021-08-21,31988.0
2710,28,779,2023-01-16,2023-04-03,15402.0
2711,1711,878,2023-02-08,2023-06-10,23906.0
2712,711,2299,2021-07-02,2023-10-15,39579.0
2713,203,790,2022-01-09,2022-08-22,46982.0
2714,1258,2374,2020-07-09,2020-12-02,6891.0
2716,783,1210,2021-02-14,2022-11-25,47731.0
2717,1997,2910,2020-10-06,2023-09-20,39951.0
2718,1728,2872,2022-07-29,2023-02-28,33051.0
2719,951,261,2022-04-08,2023-10-14,48392.0
2720,243,2360,2022-11-24,2023-03-26,10169.0
2723,495,274,2021-09-12,2023-09-02,40805.0
2725,1354,1588,2021-11-17,2022-12-01,26163.0
2726,1764,472,2020-11-09,2021-05-14,31031.0
2727,596,1068,2021-10-22,2022-07-29,7471.0
2728,1391,930,2023-03-13,2023-07-16,17819.0
2729,1179,2382,2022-11-07,2022-12-23,31212.0
2731,852,1195,2022-08-23,2022-11-22,8540.0
2732,1976,1119,2023-04-21,2023-04-21,7329.0
2733,496,1528,2020-01-21,2023-11-12,32735.0
2734,769,1820,2022-09-27,2023-07-01,48659.0
2735,743,1066,2020-01-08,2023-02-10,36245.0
2736,45,296,2020-09-03,2021-02-15,36262.0
2737,745,230,2021-07-29,2021-09-25,27187.0
2738,1930,88,2020-10-09,2021-09-23,7949.0
2739,1707,416,2021-11-24,2022-09-07,20253.0
2741,1387,207,2022-04-20,2023-09-07,23121.0
2742,1837,1455,2022-09-08,2023-10-13,17645.0
2743,461,47,2020-03-23,2021-07-12,26230.0
2744,691,31,2022-05-20,2022-08-25,45665.0
2745,763,2924,2022-11-09,2023-01-12,30849.0
2746,126,277,2022-07-03,2022-09-21,23736.0
2747,204,2561,2022-05-04,2022-11-30,44270.0
2749,1734,641,2020-07-29,2022-12-04,24996.0
2750,393,2127,2023-07-08,2023-08-29,36367.0
2751,980,2389,2020-09-12,2022-04-23,20482.0
2753,1093,2379,2023-05-22,2023-09-10,35166.0
2754,672,2236,2020-11-10,2022-03-02,26458.0
2755,1571,2042,2022-10-02,2023-10-01,47160.0
2756,1335,131,2023-02-08,2023-08-12,21231.0
2757,1316,2150,2022-08-19,2023-11-17,21554.0
2758,249,2188,2023-08-30,2023-10-08,49037.0
2759,1491,621,2020-03-13,2021-07-30,32431.0
2761,1086,1633,2021-06-06,2022-01-15,28397.0
2762,1163,1900,2021-03-18,2022-12-02,32845.0
2763,644,418,2022-04-05,2023-01-27,38276.0
2764,436,2005,2023-12-08,2023-12-18,9866.0
2765,1059,1062,2022-10-11,2022-10-20,14401.0
2769,1400,1381,2021-12-28,2023-06-19,22143.0
2770,1353,976,2020-02-05,2023-07-18,30650.0
2771,111,5,2021-10-14,2022-09-11,46038.0
2772,719,11,2021-10-11,2023-07-30,22156.0
2773,1111,129,2023-09-13,2023-12-14,24483.0
2775,1630,842,2022-12-27,2023-02-17,10095.0
2776,96,1308,2021-11-28,2023-05-13,20363.0
2777,625,368,2021-08-14,2023-04-16,22507.0
2778,45,2685,2020-10-02,2023-07-05,37203.0
2779,835,1379,2022-08-10,2022-12-09,19183.0
2780,1947,1166,2022-11-02,2022-12-18,44033.0
2781,425,2543,2023-02-04,2023-02-10,14620.0
2782,253,2358,2021-02-27,2021-06-11,32479.0
2783,1379,2393,2022-08-22,2022-12-20,39913.0
2784,609,1933,2021-07-20,2021-10-06,43550.0
2787,55,985,2020-06-09,2021-04-29,9145.0
2788,1671,726,2021-04-20,2022-10-20,19553.0
2789,1116,598,2022-05-01,2022-11-05,27675.0
2790,1591,2047,2022-07-15,2023-03-07,12199.0
2791,1820,2153,2023-02-15,2023-06-25,16189.0
2792,318,2820,2022-08-15,2023-03-23,36183.0
2793,1340,356,2021-06-14,2023-08-09,21353.0
2795,1664,561,2023-11-28,2023-12-05,28428.0
2797,393,365,2023-01-28,2023-03-16,47416.0
2798,864,2963,2022-04-20,2023-08-15,20965.0
2799,383,2487,2022-05-24,2023-10-15,23699.0
2800,126,857,2023-05-15,2023-07-03,33250.0
2802,1861,2386,2023-05-08,2023-11-10,28645.0
2803,768,180,2023-05-04,2023-06-18,29521.0
2806,659,988,2023-03-30,2023-04-16,40802.0
2807,1343,1456,2022-02-23,2023-09-09,38668.0
2809,732,1154,2020-06-28,2020-12-13,14252.0
2810,42,2451,2020-03-27,2020-07-30,13348.0
2811,624,1087,2020-12-30,2023-06-03,12205.0
2812,380,1709,2022-08-12,2023-07-03,31991.0
2813,180,1637,2023-05-18,2023-06-26,30387.0
2816,1696,2968,2022-02-06,2023-07-15,28860.0
2817,124,1577,2022-07-10,2023-11-26,17845.0
2818,1460,2900,2023-05-05,2023-11-15,40904.0
2819,952,2617,2020-06-24,2020-10-20,10121.0
2820,1318,2163,2021-09-06,2022-06-25,18607.0
2821,1656,2275,2020-09-14,2021-09-27,47528.0
2823,682,2210,2022-04-17,2023-10-27,35266.0
2824,1777,1073,2020-11-19,2020-12-07,20495.0
2826,958,2880,2021-10-16,2023-03-07,49904.0
2828,1092,2040,2022-07-25,2022-11-04,27846.0
2829,1482,2041,2021-02-06,2022-03-13,19908.0
2831,458,1905,2022-08-20,2023-04-06,42463.0
2832,1319,1642,2023-11-20,2023-11-24,44836.0
2833,209,753,2020-08-01,2022-01-23,19767.0
2834,198,679,2020-11-24,2023-06-29,8269.0
2836,1128,820,2020-08-29,2022-11-24,10389.0
2837,752,2219,2022-08-24,2023-08-07,41155.0
2838,14,267,2020-02-09,2020-10-30,5630.0
2839,424,468,2021-07-02,2023-05-02,44042.0
2840,1266,445,2021-11-21,2023-08-19,32805.0
2841,1630,1860,2022-06-17,2023-01-10,49341.0
2843,1119,1312,2020-05-06,2020-08-18,7246.0
2846,1482,2358,2020-10-02,2021-11-23,40941.0
2847,1017,2135,2022-04-06,2022-04-26,41177.0
2850,742,2875,2023-11-15,2023-12-29,37923.0
2853,172,2734,2023-04-20,2023-09-12,38396.0
2854,1401,752,2022-08-05,2023-11-26,39456.0
2855,1744,2,2020-12-24,2021-06-13,8643.0
2856,1188,2305,2020-12-31,2023-01-19,27607.0
2857,1342,2286,2022-07-12,2023-09-16,12929.0
2858,663,74,2022-05-23,2024-01-01,31838.0
2860,174,1347,2023-11-11,2023-12-06,22986.0
2862,584,1483,2020-02-11,2021-05-09,5549.0
2863,1410,2920,2021-12-04,2023-02-01,6518.0
2864,150,2821,2020-02-14,2020-11-17,29895.0
2868,424,1222,2023-09-07,2023-11-04,40325.0
2869,1598,346,2021-12-24,2022-04-17,27781.0
2870,1423,751,2022-11-01,2023-06-05,47911.0
2872,707,234,2023-08-23,2023-10-02,49785.0
2873,1043,1908,2021-01-22,2023-06-20,15508.0
2874,1087,2596,2022-06-28,2022-08-17,40968.0
2875,1799,1819,2022-07-05,2023-05-28,20417.0
2876,320,907,2022-05-21,2022-08-21,37176.0
2877,1508,2901,2023-02-13,2023-12-23,31824.0
2878,1367,2562,2023-08-03,2023-12-02,23535.0
2879,1354,652,2022-11-13,2023-02-10,44313.0
2881,1164,2762,2022-09-01,2023-04-28,12091.0
2882,1294,339,2022-10-10,2023-04-01,25188.0
2883,1564,1501,2023-10-19,2023-11-11,22446.0
2884,491,1023,2022-02-13,2023-06-20,20688.0
2885,1823,235,2021-02-06,2022-10-17,36168.0
2887,1191,664,2021-02-10,2023-10-29,49849.0
2889,1950,644,2023-07-07,2023-12-23,35328.0
2891,895,2318,2023-07-14,2023-09-30,44257.0
2892,254,447,2021-03-18,2022-12-31,33912.0
2893,1012,1964,2023-02-16,2023-07-04,33766.0
2894,1045,418,2023-06-19,2023-09-13,45728.0
2895,1443,1753,2022-08-11,2023-08-07,48261.0
2896,1842,752,2022-10-22,2023-02-02,41039.0
2897,803,1828,2022-06-02,2023-05-14,36676.0
2898,1414,913,2021-04-25,2023-04-01,10629.0
2900,662,2593,2022-02-02,2022-05-30,10799.0
2901,1251,967,2022-03-15,2023-02-24,28843.0
2902,384,2941,2023-04-16,2023-08-26,30140.0
2903,130,2224,2022-11-24,2023-08-22,12543.0
2904,798,1999,2020-04-03,2023-05-22,18711.0
2906,181,2293,2023-08-26,2023-09-25,33294.0
2907,540,1539,2022-01-26,2022-06-16,26507.0
2909,721,2277,2022-06-26,2023-02-11,39648.0
2913,1427,2515,2020-03-01,2022-07-02,15932.0
2916,1945,110,2021-09-09,2022-08-15,45624.0
2917,1378,490,2020-12-03,2021-12-16,21785.0
2920,59,465,2023-09-06,2023-12-06,45105.0
2921,45,1657,2023-06-29,2023-12-11,29306.0
2923,599,2655,2023-07-28,2023-09-09,43725.0
2924,587,2533,2020-01-26,2023-08-30,16043.0
2925,1063,1302,2022-02-08,2022-06-07,14387.0
2926,1858,570,2021-05-08,2023-06-09,15049.0
2927,1722,1351,2022-09-22,2023-12-13,18711.0
2928,1267,2437,2022-10-16,2023-08-06,10438.0
2929,794,27,2022-08-02,2023-11-12,33894.0
2930,212,1424,2021-03-22,2023-10-19,37434.0
2931,424,1555,2021-05-06,2022-02-25,32864.0
2932,386,1098,2020-04-16,2022-11-26,44733.0
2937,152,1831,2020-03-18,2023-08-20,41964.0
2939,1864,639,2021-12-22,2022-08-05,36594.0
2940,325,1524,2021-12-19,2022-05-15,30266.0
2941,1930,1900,2023-08-07,2023-10-12,13126.0
2943,1261,1189,2023-07-22,2023-11-07,28956.0
2944,1505,1129,2023-07-16,2023-08-20,13131.0
2948,628,2557,2021-09-10,2023-09-12,18956.0
2949,390,1838,2023-02-04,2023-04-21,27523.0
2950,77,1427,2021-12-09,2023-01-02,45822.0
2951,547,1585,2020-03-25,2022-12-29,23258.0
2952,1497,769,2023-04-17,2023-06-17,43141.0
2953,53,2455,2020-12-30,2023-07-02,49942.0
2954,1946,654,2020-04-18,2022-02-10,9555.0
2955,1440,276,2020-04-23,2021-05-02,27041.0
2958,269,1244,2023-04-03,2023-05-10,28918.0
2959,122,1089,2020-04-06,2020-04-30,37732.0
2960,146,648,2020-12-01,2023-11-24,46031.0
2961,1334,1981,2021-08-19,2023-04-04,41803.0
2962,508,560,2020-09-02,2021-05-16,38136.0
2963,1269,1424,2021-06-07,2021-10-01,6375.0
2964,922,956,2021-07-02,2023-09-14,26812.0
2966,1338,2089,2020-12-04,2022-07-17,27413.0
2968,52,2736,2020-02-05,2022-02-24,29747.0
2971,391,2480,2022-08-13,2023-12-23,37885.0
2972,756,1272,2021-12-24,2022-10-20,22241.0
2973,1510,1835,2020-10-19,2021-08-30,5558.0
2974,1850,36,2023-03-20,2023-03-22,28076.0
2975,473,2758,2022-04-22,2022-08-08,23000.0
2976,1612,2691,2021-11-10,2022-05-11,5139.0
2978,349,2655,2021-06-10,2022-11-30,29305.0
2980,1504,2425,2022-06-30,2023-07-02,8364.0
2981,1959,2416,2022-08-25,2022-10-25,34361.0
2983,777,642,2023-10-13,2023-12-08,8303.0
2984,1009,916,2020-03-27,2023-08-21,37954.0
2986,761,1940,2023-10-06,2023-11-23,9163.0
2987,770,223,2021-12-02,2023-07-10,22622.0
2990,527,451,2020-04-24,2023-09-10,22357.0
2991,805,2956,2023-04-03,2023-09-02,37376.0
2992,1405,1725,2023-07-30,2023-07-31,6598.0
2993,213,2898,2020-05-21,2021-05-13,34757.0
2995,1275,1876,2023-02-28,2023-07-13,43910.0
2996,95,1622,2022-07-14,2023-07-02,30405.0
2997,1261,196,2021-06-26,2021-12-28,22725.0
2998,397,608,2020-12-03,2023-09-17,15478.0
2999,1632,2109,2023-03-18,2023-09-19,7042.0
3000,8,48,2021-10-23,2023-07-09,7413.0
